region;circonscription_code;circonscription_name;nb_bv;inscrits;votants;taux_participation;bull_nuls;suf_exprimes;bull_blancs_nbr;bull_blancs_percent;party;candidate;score;score_percent;elected
AGNEBY-TIASSA;001;ABOUDE, ATTOBROU, GUESSIGUIE, GRAND-MORIÉ, LOVIGUIE, ORESS-KROBOU, COMMUNES ET SOUS-PRÉFECTURES, AGBOVILLE SOUS-PRÉFECTURE;144;52106;14070;27.0;388;13682;76;0.56;INDEPENDANT;KOTO EHOU SOPIE;547;4.0;False
AGNEBY-TIASSA;001;ABOUDE, ATTOBROU, GUESSIGUIE, GRAND-MORIÉ, LOVIGUIE, ORESS-KROBOU, COMMUNES ET SOUS-PRÉFECTURES, AGBOVILLE SOUS-PRÉFECTURE;144;52106;14070;27.0;388;13682;76;0.56;RHDP;KOFFI AKA CHARLES;9078;66.35;True
AGNEBY-TIASSA;001;ABOUDE, ATTOBROU, GUESSIGUIE, GRAND-MORIÉ, LOVIGUIE, ORESS-KROBOU, COMMUNES ET SOUS-PRÉFECTURES, AGBOVILLE SOUS-PRÉFECTURE;144;52106;14070;27.0;388;13682;76;0.56;INDEPENDANT;YEPIE KOUASSI THEODORE;58;0.42;False
AGNEBY-TIASSA;001;ABOUDE, ATTOBROU, GUESSIGUIE, GRAND-MORIÉ, LOVIGUIE, ORESS-KROBOU, COMMUNES ET SOUS-PRÉFECTURES, AGBOVILLE SOUS-PRÉFECTURE;144;52106;14070;27.0;388;13682;76;0.56;INDEPENDANT;TCHIMOU GNAMON BERTRAND;1991;14.55;False
AGNEBY-TIASSA;001;ABOUDE, ATTOBROU, GUESSIGUIE, GRAND-MORIÉ, LOVIGUIE, ORESS-KROBOU, COMMUNES ET SOUS-PRÉFECTURES, AGBOVILLE SOUS-PRÉFECTURE;144;52106;14070;27.0;388;13682;76;0.56;INDEPENDANT;BOKA BOKA MAURICE;674;4.93;False
AGNEBY-TIASSA;001;ABOUDE, ATTOBROU, GUESSIGUIE, GRAND-MORIÉ, LOVIGUIE, ORESS-KROBOU, COMMUNES ET SOUS-PRÉFECTURES, AGBOVILLE SOUS-PRÉFECTURE;144;52106;14070;27.0;388;13682;76;0.56;ADCI;EDI DOFFOU PAUL;331;2.42;False
AGNEBY-TIASSA;001;ABOUDE, ATTOBROU, GUESSIGUIE, GRAND-MORIÉ, LOVIGUIE, ORESS-KROBOU, COMMUNES ET SOUS-PRÉFECTURES, AGBOVILLE SOUS-PRÉFECTURE;144;52106;14070;27.0;388;13682;76;0.56;FPI;N'GUESSAN KOTCHI REMI;474;3.46;False
AGNEBY-TIASSA;001;ABOUDE, ATTOBROU, GUESSIGUIE, GRAND-MORIÉ, LOVIGUIE, ORESS-KROBOU, COMMUNES ET SOUS-PRÉFECTURES, AGBOVILLE SOUS-PRÉFECTURE;144;52106;14070;27.0;388;13682;76;0.56;MGC;NANDO YAVO SERGE;453;3.31;False
AGNEBY-TIASSA;002;AGBOVILLE COMMUNE;133;48710;12821;26.32;317;12504;81;0.65;ADCI;OCHOU WROHOUM MARIE-PASCALE;296;2.37;False
AGNEBY-TIASSA;002;AGBOVILLE COMMUNE;133;48710;12821;26.32;317;12504;81;0.65;RHDP;DIMBA N'GOU PIERRE;10675;85.37;True
AGNEBY-TIASSA;002;AGBOVILLE COMMUNE;133;48710;12821;26.32;317;12504;81;0.65;INDEPENDANT;OCHO KOKOU BERTRAND;20;0.16;False
AGNEBY-TIASSA;002;AGBOVILLE COMMUNE;133;48710;12821;26.32;317;12504;81;0.65;INDEPENDANT;TETCHI EHOUE ANTOINE;75;0.6;False
AGNEBY-TIASSA;002;AGBOVILLE COMMUNE;133;48710;12821;26.32;317;12504;81;0.65;INDEPENDANT;N'GOU KOKOLA GRACIASSE;30;0.24;False
AGNEBY-TIASSA;002;AGBOVILLE COMMUNE;133;48710;12821;26.32;317;12504;81;0.65;PDCI-RDA;OHOUNA N'TAKPE NICAISE;1327;10.61;False
AGNEBY-TIASSA;003;AZAGUIE COMMUNE ET SOUS-PREFECTURE;44;15515;5174;33.35;73;5101;24;0.47;INDEPENDANT;KOUAME YAO FREDERIC;439;8.61;False
AGNEBY-TIASSA;003;AZAGUIE COMMUNE ET SOUS-PREFECTURE;44;15515;5174;33.35;73;5101;24;0.47;INDEPENDANT;DOUMBIA HAMED CHEICK YVANN;1549;30.37;False
AGNEBY-TIASSA;003;AZAGUIE COMMUNE ET SOUS-PREFECTURE;44;15515;5174;33.35;73;5101;24;0.47;INDEPENDANT;KPATA APPIA EDI JORES;863;16.92;False
AGNEBY-TIASSA;003;AZAGUIE COMMUNE ET SOUS-PREFECTURE;44;15515;5174;33.35;73;5101;24;0.47;INDEPENDANT;KIPRE LIPIA MIREILLE;38;0.74;False
AGNEBY-TIASSA;003;AZAGUIE COMMUNE ET SOUS-PREFECTURE;44;15515;5174;33.35;73;5101;24;0.47;INDEPENDANT;ADJA OWO GILLES ROGER;96;1.88;False
AGNEBY-TIASSA;003;AZAGUIE COMMUNE ET SOUS-PREFECTURE;44;15515;5174;33.35;73;5101;24;0.47;RHDP;ALAIN EKISSI;1673;32.8;True
AGNEBY-TIASSA;003;AZAGUIE COMMUNE ET SOUS-PREFECTURE;44;15515;5174;33.35;73;5101;24;0.47;INDEPENDANT;BAMBA IDRISSA;256;5.02;False
AGNEBY-TIASSA;003;AZAGUIE COMMUNE ET SOUS-PREFECTURE;44;15515;5174;33.35;73;5101;24;0.47;PDCI-RDA;EKISSI HUBERSON EVARISTHO ALVARIS;163;3.2;False
AGNEBY-TIASSA;004;ANANGUIE, CECHI ET RUBINO, COMMUNES ET SOUS-PREFECTURES;72;23466;7650;32.6;241;7409;49;0.66;INDEPENDANT;AKOUE BEDE ANSELME;203;2.74;False
AGNEBY-TIASSA;004;ANANGUIE, CECHI ET RUBINO, COMMUNES ET SOUS-PREFECTURES;72;23466;7650;32.6;241;7409;49;0.66;INDEPENDANT;TCHIMOU OKOMAN EMMANUEL;1668;22.51;False
AGNEBY-TIASSA;004;ANANGUIE, CECHI ET RUBINO, COMMUNES ET SOUS-PREFECTURES;72;23466;7650;32.6;241;7409;49;0.66;INDEPENDANT;OFFO ABOLE SYLVAIN;827;11.16;False
AGNEBY-TIASSA;004;ANANGUIE, CECHI ET RUBINO, COMMUNES ET SOUS-PREFECTURES;72;23466;7650;32.6;241;7409;49;0.66;INDEPENDANT;N'GOU OKAUGNY YANNICK ANICET;110;1.48;False
AGNEBY-TIASSA;004;ANANGUIE, CECHI ET RUBINO, COMMUNES ET SOUS-PREFECTURES;72;23466;7650;32.6;241;7409;49;0.66;RHDP;KOUASSI MARIE VIRGINIE;2607;35.19;True
AGNEBY-TIASSA;004;ANANGUIE, CECHI ET RUBINO, COMMUNES ET SOUS-PREFECTURES;72;23466;7650;32.6;241;7409;49;0.66;INDEPENDANT;ATIN ERIC ALAIN;355;4.79;False
AGNEBY-TIASSA;004;ANANGUIE, CECHI ET RUBINO, COMMUNES ET SOUS-PREFECTURES;72;23466;7650;32.6;241;7409;49;0.66;INDEPENDANT;OFFO BEDIA AKE VINCENT;197;2.66;False
AGNEBY-TIASSA;004;ANANGUIE, CECHI ET RUBINO, COMMUNES ET SOUS-PREFECTURES;72;23466;7650;32.6;241;7409;49;0.66;INDEPENDANT;KOFFI ANGBA GUY RICHARD;65;0.88;False
AGNEBY-TIASSA;004;ANANGUIE, CECHI ET RUBINO, COMMUNES ET SOUS-PREFECTURES;72;23466;7650;32.6;241;7409;49;0.66;FPI;ASSEKE BERNARD;117;1.58;False
AGNEBY-TIASSA;004;ANANGUIE, CECHI ET RUBINO, COMMUNES ET SOUS-PREFECTURES;72;23466;7650;32.6;241;7409;49;0.66;PDCI-RDA;N'GUESSAN AKA ARNAUD;1211;16.34;False
AGNEBY-TIASSA;005;GOMON ET SIKENSI, COMMUNES ET SOUS-PREFECTURES;102;37720;10768;28.55;347;10421;134;1.29;INDEPENDANT;BOTTI ADJIRI BERNARD;1127;10.81;False
AGNEBY-TIASSA;005;GOMON ET SIKENSI, COMMUNES ET SOUS-PREFECTURES;102;37720;10768;28.55;347;10421;134;1.29;INDEPENDANT;YAO YAO ERIC ARMAND;1710;16.41;False
AGNEBY-TIASSA;005;GOMON ET SIKENSI, COMMUNES ET SOUS-PREFECTURES;102;37720;10768;28.55;347;10421;134;1.29;INDEPENDANT;BIPKO DANIELLE ADAHI;1417;13.6;False
AGNEBY-TIASSA;005;GOMON ET SIKENSI, COMMUNES ET SOUS-PREFECTURES;102;37720;10768;28.55;347;10421;134;1.29;INDEPENDANT;KOPRO AMANI PIERRE VENCESLAS VINCENT;580;5.57;False
AGNEBY-TIASSA;005;GOMON ET SIKENSI, COMMUNES ET SOUS-PREFECTURES;102;37720;10768;28.55;347;10421;134;1.29;RHDP;N'GATA BRIE JOSEPH;3574;34.3;True
AGNEBY-TIASSA;005;GOMON ET SIKENSI, COMMUNES ET SOUS-PREFECTURES;102;37720;10768;28.55;347;10421;134;1.29;INDEPENDANT;SAHORE N'GUESSAN PASCAL;157;1.51;False
AGNEBY-TIASSA;005;GOMON ET SIKENSI, COMMUNES ET SOUS-PREFECTURES;102;37720;10768;28.55;347;10421;134;1.29;INDEPENDANT;ADOU JOSE ANTONIO;64;0.61;False
AGNEBY-TIASSA;005;GOMON ET SIKENSI, COMMUNES ET SOUS-PREFECTURES;102;37720;10768;28.55;347;10421;134;1.29;INDEPENDANT;ADANGBA KASSA-KASSA RAPHAEL;32;0.31;False
AGNEBY-TIASSA;005;GOMON ET SIKENSI, COMMUNES ET SOUS-PREFECTURES;102;37720;10768;28.55;347;10421;134;1.29;PDCI-RDA;ASSOUMOU BAKA CHARLES;1626;15.6;False
AGNEBY-TIASSA;006;GBOLOUVILLE ET N'DOUCI, COMMUNES ET SOUS-PREFECTURES;94;31758;9221;29.04;283;8938;72;0.81;RHDP;KANGBE YAYORO CHARLES LOPEZ;3169;35.46;True
AGNEBY-TIASSA;006;GBOLOUVILLE ET N'DOUCI, COMMUNES ET SOUS-PREFECTURES;94;31758;9221;29.04;283;8938;72;0.81;ADCI;CAMARA ISSOUF;1848;20.68;False
AGNEBY-TIASSA;006;GBOLOUVILLE ET N'DOUCI, COMMUNES ET SOUS-PREFECTURES;94;31758;9221;29.04;283;8938;72;0.81;INDEPENDANT;TANOH AMOI CHRISTIAN;88;0.98;False
AGNEBY-TIASSA;006;GBOLOUVILLE ET N'DOUCI, COMMUNES ET SOUS-PREFECTURES;94;31758;9221;29.04;283;8938;72;0.81;INDEPENDANT;GOUHAN EKANZA JULES ROLAND MONSIHO;282;3.16;False
AGNEBY-TIASSA;006;GBOLOUVILLE ET N'DOUCI, COMMUNES ET SOUS-PREFECTURES;94;31758;9221;29.04;283;8938;72;0.81;INDEPENDANT;N'GUESSAN AUGUSTIN KOUAKOU KASSI;868;9.71;False
AGNEBY-TIASSA;006;GBOLOUVILLE ET N'DOUCI, COMMUNES ET SOUS-PREFECTURES;94;31758;9221;29.04;283;8938;72;0.81;INDEPENDANT;KOUAKOU NGORAN JEROME;126;1.41;False
AGNEBY-TIASSA;006;GBOLOUVILLE ET N'DOUCI, COMMUNES ET SOUS-PREFECTURES;94;31758;9221;29.04;283;8938;72;0.81;CNPCIN;YAO CHRIST FRANCIS ALAIN GILLES;110;1.23;False
AGNEBY-TIASSA;006;GBOLOUVILLE ET N'DOUCI, COMMUNES ET SOUS-PREFECTURES;94;31758;9221;29.04;283;8938;72;0.81;PDCI-RDA;OBOUMOU GOLE MARCELIN;2375;26.57;False
AGNEBY-TIASSA;007;MOROKRO ET TIASSALE, COMMUNES ET SOUS-PREFECTURES;123;39362;16841;42.78;518;16323;118;0.72;ADCI-GP-PAIX-VALEUR;ASSALE TIEMOKO ANTOINE;7489;45.88;False
AGNEBY-TIASSA;007;MOROKRO ET TIASSALE, COMMUNES ET SOUS-PREFECTURES;123;39362;16841;42.78;518;16323;118;0.72;RHDP;SANOGO DRAMANE ALPHA;8557;52.42;True
AGNEBY-TIASSA;007;MOROKRO ET TIASSALE, COMMUNES ET SOUS-PREFECTURES;123;39362;16841;42.78;518;16323;118;0.72;PDCI-RDA;MIAN OCTAVI PEROU;159;0.97;False
AGNEBY-TIASSA;008;PACOBO ET TAABO, COMMUNES ET SOUS-PREFECTURES;68;23159;7576;32.71;399;7177;64;0.89;GJPA-CI;KOFFI NDRI FERDINAND;35;0.49;False
AGNEBY-TIASSA;008;PACOBO ET TAABO, COMMUNES ET SOUS-PREFECTURES;68;23159;7576;32.71;399;7177;64;0.89;INDEPENDANT;KOUASSI KOFFI KAN ANICET DIDIER;881;12.28;False
AGNEBY-TIASSA;008;PACOBO ET TAABO, COMMUNES ET SOUS-PREFECTURES;68;23159;7576;32.71;399;7177;64;0.89;INDEPENDANT;BOKA YAO DANIEL;911;12.69;False
AGNEBY-TIASSA;008;PACOBO ET TAABO, COMMUNES ET SOUS-PREFECTURES;68;23159;7576;32.71;399;7177;64;0.89;RHDP;KOUADIO BEUGRE BERNARD;3912;54.51;True
AGNEBY-TIASSA;008;PACOBO ET TAABO, COMMUNES ET SOUS-PREFECTURES;68;23159;7576;32.71;399;7177;64;0.89;INDEPENDANT;NAHOUNOU FELICITE VERONIQUE N'GUESSAN;81;1.13;False
AGNEBY-TIASSA;008;PACOBO ET TAABO, COMMUNES ET SOUS-PREFECTURES;68;23159;7576;32.71;399;7177;64;0.89;INDEPENDANT;MBASSIDJE EDDOH CHRISTIAN RICHARD;59;0.82;False
AGNEBY-TIASSA;008;PACOBO ET TAABO, COMMUNES ET SOUS-PREFECTURES;68;23159;7576;32.71;399;7177;64;0.89;INDEPENDANT;EBOU ADJOUA ANGELE;84;1.17;False
AGNEBY-TIASSA;008;PACOBO ET TAABO, COMMUNES ET SOUS-PREFECTURES;68;23159;7576;32.71;399;7177;64;0.89;PDCI-RDA;KOUAME KOFFI RUFIN;1150;16.02;False
BAFING;009;BOOKO, BOROTOU, MAHANDOUGOU ET NIOKOSSO, COMMUNES ET SOUS-PREFECTURES;77;17626;11919;67.62;59;11860;158;1.33;INDEPENDANT;DIABATE MAMADOU;75;0.63;False
BAFING;009;BOOKO, BOROTOU, MAHANDOUGOU ET NIOKOSSO, COMMUNES ET SOUS-PREFECTURES;77;17626;11919;67.62;59;11860;158;1.33;PDCI-RDA;SOUMAHORO SOULEYMANE;408;3.44;False
BAFING;009;BOOKO, BOROTOU, MAHANDOUGOU ET NIOKOSSO, COMMUNES ET SOUS-PREFECTURES;77;17626;11919;67.62;59;11860;158;1.33;RHDP;DIOMANDE LASSINA;11219;94.6;True
BAFING;010;KORO, COMMUNE ET SOUS-PREFECTURE;42;13092;6583;50.28;117;6466;74;1.14;INDEPENDANT;BAKAYOKO KARAMOKO;2894;44.76;False
BAFING;010;KORO, COMMUNE ET SOUS-PREFECTURE;42;13092;6583;50.28;117;6466;74;1.14;RHDP;SOUMAHORO YOUSSOUF;3498;54.1;True
BAFING;011;GBELO, GOUEKAN, KOONAN, OUANINOU, SABOUDOUGOU ET SANTA, COMMUNES ET SOUS-PREFECTURES;106;25316;15353;60.65;215;15138;208;1.37;CNJB-ADO;DIOMANDE AMARA;68;0.45;False
BAFING;011;GBELO, GOUEKAN, KOONAN, OUANINOU, SABOUDOUGOU ET SANTA, COMMUNES ET SOUS-PREFECTURES;106;25316;15353;60.65;215;15138;208;1.37;INDEPENDANT;BAMBA MORY;2724;17.99;False
BAFING;011;GBELO, GOUEKAN, KOONAN, OUANINOU, SABOUDOUGOU ET SANTA, COMMUNES ET SOUS-PREFECTURES;106;25316;15353;60.65;215;15138;208;1.37;RHDP;MAMADOU SANOGO;6026;39.81;True
BAFING;011;GBELO, GOUEKAN, KOONAN, OUANINOU, SABOUDOUGOU ET SANTA, COMMUNES ET SOUS-PREFECTURES;106;25316;15353;60.65;215;15138;208;1.37;INDEPENDANT;BAMBA MAMADOU;123;0.81;False
BAFING;011;GBELO, GOUEKAN, KOONAN, OUANINOU, SABOUDOUGOU ET SANTA, COMMUNES ET SOUS-PREFECTURES;106;25316;15353;60.65;215;15138;208;1.37;INDEPENDANT;DIOMANDE ABDOUL AHMARA;5989;39.56;False
BAFING;012;DIOMAN, FOUNGBESSO ET GUINTEGUELA, COMMUNES ET SOUS-PREFECTURES, TOUBA, SOUS PREFECTURE;96;21299;13342;62.64;196;13146;141;1.07;INDEPENDANT;MEMAN BAMBA;1524;11.59;False
BAFING;012;DIOMAN, FOUNGBESSO ET GUINTEGUELA, COMMUNES ET SOUS-PREFECTURES, TOUBA, SOUS PREFECTURE;96;21299;13342;62.64;196;13146;141;1.07;INDEPENDANT;ALIDJOU TOURE;3256;24.77;False
BAFING;012;DIOMAN, FOUNGBESSO ET GUINTEGUELA, COMMUNES ET SOUS-PREFECTURES, TOUBA, SOUS PREFECTURE;96;21299;13342;62.64;196;13146;141;1.07;INDEPENDANT;KONE MAMADOU;2287;17.4;False
BAFING;012;DIOMAN, FOUNGBESSO ET GUINTEGUELA, COMMUNES ET SOUS-PREFECTURES, TOUBA, SOUS PREFECTURE;96;21299;13342;62.64;196;13146;141;1.07;INDEPENDANT;MIAMAN KONE;1098;8.35;False
BAFING;012;DIOMAN, FOUNGBESSO ET GUINTEGUELA, COMMUNES ET SOUS-PREFECTURES, TOUBA, SOUS PREFECTURE;96;21299;13342;62.64;196;13146;141;1.07;RHDP;DIOMANDE VASSADIA;3613;27.48;True
BAFING;012;DIOMAN, FOUNGBESSO ET GUINTEGUELA, COMMUNES ET SOUS-PREFECTURES, TOUBA, SOUS PREFECTURE;96;21299;13342;62.64;196;13146;141;1.07;INDEPENDANT;MOUSSA BAMBA;1227;9.33;False
BAFING;013;TOUBA, COMMUNE;47;14962;7151;47.79;54;7097;75;1.06;RHDP;SANOGO MOUSSA;4962;69.92;True
BAFING;013;TOUBA, COMMUNE;47;14962;7151;47.79;54;7097;75;1.06;INDEPENDANT;BAMBA ANZOUMANA;2060;29.03;False
BAGOUE;014;BAYA, KASSERE ET SIEMPURGO, COMMUNES ET SOUS-PREFECTURES;63;19315;12802;66.28;330;12472;204;1.64;RHDP;COULIBALY FONONNA CHEICK AHMED;5606;44.95;True
BAGOUE;014;BAYA, KASSERE ET SIEMPURGO, COMMUNES ET SOUS-PREFECTURES;63;19315;12802;66.28;330;12472;204;1.64;INDEPENDANT;OUATTARA GUIBESSONGUI ISSA;4488;35.98;False
BAGOUE;014;BAYA, KASSERE ET SIEMPURGO, COMMUNES ET SOUS-PREFECTURES;63;19315;12802;66.28;330;12472;204;1.64;INDEPENDANT;COULIBALY LASSINAN;1576;12.64;False
BAGOUE;014;BAYA, KASSERE ET SIEMPURGO, COMMUNES ET SOUS-PREFECTURES;63;19315;12802;66.28;330;12472;204;1.64;INDEPENDANT;COULIBALY ZIE SOUMAILA;598;4.79;False
BAGOUE;015;BOUNDIALI ET GANAONI, COMMUNES ET SOUS-PREFECTURES;106;36892;36846;99.88;0;36846;0;0.0;RHDP;KONE MARIATOU;36846;100.0;True
BAGOUE;016;BLESSEGUE ET KOUTO, COMMUNES ET SOUS-PREFECTURES;59;19903;11808;59.33;70;11738;215;1.83;INDEPENDANT;TRAORE DON SAMUEL;3692;31.45;False
BAGOUE;016;BLESSEGUE ET KOUTO, COMMUNES ET SOUS-PREFECTURES;59;19903;11808;59.33;70;11738;215;1.83;RHDP;KONE NABAGNE BRUNO;7831;66.71;True
BAGOUE;017;GBON, KOLIA ET SIANHALA, COMMUNES ET SOUS-PREFECTURES;88;31360;20373;64.96;183;20190;378;1.87;INDEPENDANT;KONE KARIMOU;1242;6.15;False
BAGOUE;017;GBON, KOLIA ET SIANHALA, COMMUNES ET SOUS-PREFECTURES;88;31360;20373;64.96;183;20190;378;1.87;INDEPENDANT;BALLO NOUHO;10331;51.17;True
BAGOUE;017;GBON, KOLIA ET SIANHALA, COMMUNES ET SOUS-PREFECTURES;88;31360;20373;64.96;183;20190;378;1.87;RHDP;TOURE ALPHA YAYA;8239;40.81;False
BAGOUE;018;DEBETE, KANAKONO, PAPARA ET TENGRELA, COMMUNES ET SOUS-PREFECTURES;109;36904;22247;60.28;221;22026;197;0.89;INDEPENDANT;KONE SEYDOU;274;1.24;False
BAGOUE;018;DEBETE, KANAKONO, PAPARA ET TENGRELA, COMMUNES ET SOUS-PREFECTURES;109;36904;22247;60.28;221;22026;197;0.89;INDEPENDANT;DIARRASSOUBA SOUMAILA;11811;53.62;True
BAGOUE;018;DEBETE, KANAKONO, PAPARA ET TENGRELA, COMMUNES ET SOUS-PREFECTURES;109;36904;22247;60.28;221;22026;197;0.89;INDEPENDANT;DIARRASSOUBA ABDOULAYE;3070;13.94;False
BAGOUE;018;DEBETE, KANAKONO, PAPARA ET TENGRELA, COMMUNES ET SOUS-PREFECTURES;109;36904;22247;60.28;221;22026;197;0.89;RHDP;TRAORE MARIAME;6674;30.3;False
BELIER;019;BOLI, DIDIEVI, MOLONOU-BLE ET TIE-N'DIEKRO, COMMUNES ET SOUS-PREFECTURES;129;36304;11536;31.78;421;11115;138;1.24;RHDP;KOFFI KOFFI SERAPHIN;5037;45.32;False
BELIER;019;BOLI, DIDIEVI, MOLONOU-BLE ET TIE-N'DIEKRO, COMMUNES ET SOUS-PREFECTURES;129;36304;11536;31.78;421;11115;138;1.24;INDEPENDANT;KONAN ULRICH KOUADIO SERGE RENE;199;1.79;False
BELIER;019;BOLI, DIDIEVI, MOLONOU-BLE ET TIE-N'DIEKRO, COMMUNES ET SOUS-PREFECTURES;129;36304;11536;31.78;421;11115;138;1.24;PDCI-RDA;N'GUESSAN KOUASSI EDOUARD;5741;51.65;True
BELIER;020;LOMOKANKRO, MOLONOU, TLEBISSOU ET YAKPABO-SAKASSOU, COMMUNES ET SOUS-PREFECTURES;147;42781;14778;34.54;537;14241;134;0.94;INDEPENDANT;ENSEMBLE TOUT EST POSSIBLE;80;0.56;False
BELIER;020;LOMOKANKRO, MOLONOU, TLEBISSOU ET YAKPABO-SAKASSOU, COMMUNES ET SOUS-PREFECTURES;147;42781;14778;34.54;537;14241;134;0.94;INDEPENDANT;LES PROGRESSISTES;222;1.56;False
BELIER;020;LOMOKANKRO, MOLONOU, TLEBISSOU ET YAKPABO-SAKASSOU, COMMUNES ET SOUS-PREFECTURES;147;42781;14778;34.54;537;14241;134;0.94;RHDP;UNE COTE DIVOIRE EN PAIX , PROSPERE ET SOLIDAIRE;6127;43.02;False
BELIER;020;LOMOKANKRO, MOLONOU, TLEBISSOU ET YAKPABO-SAKASSOU, COMMUNES ET SOUS-PREFECTURES;147;42781;14778;34.54;537;14241;134;0.94;INDEPENDANT;ENSEMBLE POUR LE DEVELOPPEMENT;190;1.33;False
BELIER;020;LOMOKANKRO, MOLONOU, TLEBISSOU ET YAKPABO-SAKASSOU, COMMUNES ET SOUS-PREFECTURES;147;42781;14778;34.54;537;14241;134;0.94;PRO CI;PRO COTE DIVOIRE POUR UN PARLEMENT DEFENSEUR DES POPULATIONS;70;0.49;False
BELIER;020;LOMOKANKRO, MOLONOU, TLEBISSOU ET YAKPABO-SAKASSOU, COMMUNES ET SOUS-PREFECTURES;147;42781;14778;34.54;537;14241;134;0.94;PDCI-RDA;TOUS ENSEMBLE POUR LA CÔTE D'IVOIRE;7418;52.09;True
BELIER;021;TOUMODI, COMMUNE;84;31946;9783;30.62;338;9445;57;0.6;RHDP;GOUDOU RAYMONDE COFFIE;4615;48.86;False
BELIER;021;TOUMODI, COMMUNE;84;31946;9783;30.62;338;9445;57;0.6;INDEPENDANT;SENI KONAN JULES NANGLE;143;1.51;False
BELIER;021;TOUMODI, COMMUNE;84;31946;9783;30.62;338;9445;57;0.6;PDCI-RDA;ALLIALI HERVE DOMINIQUE DIE;4630;49.02;True
BELIER;022;ANGODA, BONIKRO, DJEKANOU, KPOUEBO, KOKUMBO, COMMUNES ET SOUS-PREFECTURES, TOUMODI, SOUS-PREFECTURE;139;43279;12775;29.52;556;12219;128;1.05;INDEPENDANT;KOUADIO N'GUESSAN CHARLES;160;1.31;False
BELIER;022;ANGODA, BONIKRO, DJEKANOU, KPOUEBO, KOKUMBO, COMMUNES ET SOUS-PREFECTURES, TOUMODI, SOUS-PREFECTURE;139;43279;12775;29.52;556;12219;128;1.05;INDEPENDANT;N'GUESSAN KOUAME MARIUS MAURINIER;61;0.5;False
BELIER;022;ANGODA, BONIKRO, DJEKANOU, KPOUEBO, KOKUMBO, COMMUNES ET SOUS-PREFECTURES, TOUMODI, SOUS-PREFECTURE;139;43279;12775;29.52;556;12219;128;1.05;RHDP;KONAN YAO SIMPLICE;4846;39.66;False
BELIER;022;ANGODA, BONIKRO, DJEKANOU, KPOUEBO, KOKUMBO, COMMUNES ET SOUS-PREFECTURES, TOUMODI, SOUS-PREFECTURE;139;43279;12775;29.52;556;12219;128;1.05;INDEPENDANT;N'DA KOUASSI JULES;97;0.79;False
BELIER;022;ANGODA, BONIKRO, DJEKANOU, KPOUEBO, KOKUMBO, COMMUNES ET SOUS-PREFECTURES, TOUMODI, SOUS-PREFECTURE;139;43279;12775;29.52;556;12219;128;1.05;INDEPENDANT;KOUADIO KOFFI ASSASSI MARCEL;85;0.7;False
BELIER;022;ANGODA, BONIKRO, DJEKANOU, KPOUEBO, KOKUMBO, COMMUNES ET SOUS-PREFECTURES, TOUMODI, SOUS-PREFECTURE;139;43279;12775;29.52;556;12219;128;1.05;INDEPENDANT;KOUAKOU KOUADIO JUVENAL;60;0.49;False
BELIER;022;ANGODA, BONIKRO, DJEKANOU, KPOUEBO, KOKUMBO, COMMUNES ET SOUS-PREFECTURES, TOUMODI, SOUS-PREFECTURE;139;43279;12775;29.52;556;12219;128;1.05;PDCI-RDA;N'DAKPRI DJAHA ANGE FELIX;6782;55.5;True
BERE;023;BOUANDOUGOU ET TIENINGBOUE, COMMUNES ET SOUS-PREFECTURES;95;25590;14752;57.65;187;14565;237;1.63;INDEPENDANT;ADAMA BAKAYOKO;8087;55.52;True
BERE;023;BOUANDOUGOU ET TIENINGBOUE, COMMUNES ET SOUS-PREFECTURES;95;25590;14752;57.65;187;14565;237;1.63;RHDP;HAMADOU KAMAGATE;6196;42.54;False
BERE;023;BOUANDOUGOU ET TIENINGBOUE, COMMUNES ET SOUS-PREFECTURES;95;25590;14752;57.65;187;14565;237;1.63;PDCI-RDA;KATIENSELY COULIBALY;45;0.31;False
BERE;024;DIANRA ET DIARRA-VILLAGE, COMMUNES ET SOUS-PREFECTURES;88;26729;16599;62.1;291;16308;378;2.32;INDEPENDANT;KONATE BAKARY;1055;6.47;False
BERE;024;DIANRA ET DIARRA-VILLAGE, COMMUNES ET SOUS-PREFECTURES;88;26729;16599;62.1;291;16308;378;2.32;INDEPENDANT;KONE AMOURLAYE;4127;25.31;False
BERE;024;DIANRA ET DIARRA-VILLAGE, COMMUNES ET SOUS-PREFECTURES;88;26729;16599;62.1;291;16308;378;2.32;INDEPENDANT;CISSE ISAAC;886;5.43;False
BERE;024;DIANRA ET DIARRA-VILLAGE, COMMUNES ET SOUS-PREFECTURES;88;26729;16599;62.1;291;16308;378;2.32;RHDP;GNANGADJOMON KONE;9862;60.47;True
BERE;025;MANKONO, COMMUNE ET SOUS-PREFECTURE;73;23860;12104;50.73;144;11960;138;1.15;RHDP;FOFANA EPSE MEITE SALIMATA;7756;64.85;True
BERE;025;MANKONO, COMMUNE ET SOUS-PREFECTURE;73;23860;12104;50.73;144;11960;138;1.15;INDEPENDANT;SOTIGUY COULIBALY;3921;32.78;False
BERE;025;MANKONO, COMMUNE ET SOUS-PREFECTURE;73;23860;12104;50.73;144;11960;138;1.15;PDCI-RDA;FOFANA ADAMA;145;1.21;False
BERE;026;MARANDALLAH ET SARHALA, COMMUNES ET SOUS-PREFECTURES;78;21935;11771;53.66;130;11641;195;1.68;INDEPENDANT;BAMBA LADJI;5703;48.99;True
BERE;026;MARANDALLAH ET SARHALA, COMMUNES ET SOUS-PREFECTURES;78;21935;11771;53.66;130;11641;195;1.68;INDEPENDANT;WASSI KANATE;423;3.63;False
BERE;026;MARANDALLAH ET SARHALA, COMMUNES ET SOUS-PREFECTURES;78;21935;11771;53.66;130;11641;195;1.68;RHDP;DOGOSSATI BAKAYOKO;5320;45.7;False
BERE;027;KONGASSO ET KOUNAHIRI, COMMUNES ET SOUS-PREFECTURES;84;24391;10680;43.79;352;10328;224;2.17;INDEPENDANT;BAGATE ABDOULE TIECOURA;2190;21.2;False
BERE;027;KONGASSO ET KOUNAHIRI, COMMUNES ET SOUS-PREFECTURES;84;24391;10680;43.79;352;10328;224;2.17;INDEPENDANT;BISSA AUGUSTIN;2785;26.97;False
BERE;027;KONGASSO ET KOUNAHIRI, COMMUNES ET SOUS-PREFECTURES;84;24391;10680;43.79;352;10328;224;2.17;INDEPENDANT;GBEGBE BATO OLIVIER;426;4.12;False
BERE;027;KONGASSO ET KOUNAHIRI, COMMUNES ET SOUS-PREFECTURES;84;24391;10680;43.79;352;10328;224;2.17;RHDP;BAMBA CHEICK LANCINA;4606;44.6;True
BERE;027;KONGASSO ET KOUNAHIRI, COMMUNES ET SOUS-PREFECTURES;84;24391;10680;43.79;352;10328;224;2.17;PDCI-RDA;DELLOH ERIC;97;0.94;False
BERE;028;BOUKO ET BOUNA, COMMUNES ET SOUS-PREFECTURES;89;26581;14195;53.4;169;14026;283;2.02;CODE;CONGRES DEMOCRATIQUE;1820;12.98;False
BERE;028;BOUKO ET BOUNA, COMMUNES ET SOUS-PREFECTURES;89;26581;14195;53.4;169;14026;283;2.02;RHDP;UNE COTE DIVOIRE EN PAIX,PROSPERE ET SOLIDAIRE;11923;85.01;True
BOUNKANI;029;ONDEFIDOUO ET YOUNDOUO, COMMUNES ET SOUS-PREFECTURES;43;11091;7346;66.23;99;7247;209;2.88;INDEPENDANT;SIB SIE JEAN;2550;35.19;True
BOUNKANI;029;ONDEFIDOUO ET YOUNDOUO, COMMUNES ET SOUS-PREFECTURES;43;11091;7346;66.23;99;7247;209;2.88;RHDP;KAMBOU SIE;2178;30.05;False
BOUNKANI;029;ONDEFIDOUO ET YOUNDOUO, COMMUNES ET SOUS-PREFECTURES;43;11091;7346;66.23;99;7247;209;2.88;INDEPENDANT;SOM SIE JEAN BAPTISTE;1621;22.37;False
BOUNKANI;029;ONDEFIDOUO ET YOUNDOUO, COMMUNES ET SOUS-PREFECTURES;43;11091;7346;66.23;99;7247;209;2.88;INDEPENDANT;KAMBIRE SIE BOMITE JULIEN;96;1.32;False
BOUNKANI;029;ONDEFIDOUO ET YOUNDOUO, COMMUNES ET SOUS-PREFECTURES;43;11091;7346;66.23;99;7247;209;2.88;INDEPENDANT;KAMBOU BALIRE JEROME;423;5.84;False
BOUNKANI;029;ONDEFIDOUO ET YOUNDOUO, COMMUNES ET SOUS-PREFECTURES;43;11091;7346;66.23;99;7247;209;2.88;FPI;KAMBOU OLLO PAUL;112;1.55;False
BOUNKANI;029;ONDEFIDOUO ET YOUNDOUO, COMMUNES ET SOUS-PREFECTURES;43;11091;7346;66.23;99;7247;209;2.88;PDCI-RDA;HIEN PIRIHINTE;58;0.8;False
BOUNKANI;030;DANOA, DOROPO, KALAMON ET NIAMOUE, COMMUNES ET SOUS-PREFECTURES;67;19827;10300;51.95;163;10137;328;3.24;INDEPENDANT;KOUASSI KOUADIO JOEL;158;1.56;False
BOUNKANI;030;DANOA, DOROPO, KALAMON ET NIAMOUE, COMMUNES ET SOUS-PREFECTURES;67;19827;10300;51.95;163;10137;328;3.24;INDEPENDANT;KAMBIRE CHARLES;3426;33.8;False
BOUNKANI;030;DANOA, DOROPO, KALAMON ET NIAMOUE, COMMUNES ET SOUS-PREFECTURES;67;19827;10300;51.95;163;10137;328;3.24;RHDP;NOUFE SANSAN KOULANFIRTE;6072;59.9;True
BOUNKANI;030;DANOA, DOROPO, KALAMON ET NIAMOUE, COMMUNES ET SOUS-PREFECTURES;67;19827;10300;51.95;163;10137;328;3.24;INDEPENDANT;OUATTARA KOFFI;153;1.51;False
BOUNKANI;031;BOGOFA, KAKPIN, KOUTOUBA, NASSIAN ET SOMINASSE, COMMUNES ET SOUS-PREFECTURES;76;21508;14236;66.19;266;13970;178;1.27;INDEPENDANT;KAMBOU HOLO;439;3.14;False
BOUNKANI;031;BOGOFA, KAKPIN, KOUTOUBA, NASSIAN ET SOMINASSE, COMMUNES ET SOUS-PREFECTURES;76;21508;14236;66.19;266;13970;178;1.27;RHDP;OUATTARA AMARA;6583;47.12;True
BOUNKANI;031;BOGOFA, KAKPIN, KOUTOUBA, NASSIAN ET SOMINASSE, COMMUNES ET SOUS-PREFECTURES;76;21508;14236;66.19;266;13970;178;1.27;INDEPENDANT;KRA EUGENE KOUASSI;1315;9.41;False
BOUNKANI;031;BOGOFA, KAKPIN, KOUTOUBA, NASSIAN ET SOMINASSE, COMMUNES ET SOUS-PREFECTURES;76;21508;14236;66.19;266;13970;178;1.27;GP-PAIX;DABILA KOUADIO JEAN-MARIE;93;0.67;False
BOUNKANI;031;BOGOFA, KAKPIN, KOUTOUBA, NASSIAN ET SOMINASSE, COMMUNES ET SOUS-PREFECTURES;76;21508;14236;66.19;266;13970;178;1.27;PDCI-RDA;KOUADIO DEGLEGUI EDMOND;5362;38.38;False
BOUNKANI;032;GOGO,TEHINI ET TOUGBO, COMMUNES ET SOUS-PREFECTURES;45;10547;5885;55.8;87;5798;160;2.76;INDEPENDANT;SIB SANSAN DIEUDONNE;2392;41.26;False
BOUNKANI;032;GOGO,TEHINI ET TOUGBO, COMMUNES ET SOUS-PREFECTURES;45;10547;5885;55.8;87;5798;160;2.76;INDEPENDANT;PALE OLLO DESIRE;491;8.47;False
BOUNKANI;032;GOGO,TEHINI ET TOUGBO, COMMUNES ET SOUS-PREFECTURES;45;10547;5885;55.8;87;5798;160;2.76;RHDP;OUATTARA OUMAR;2694;46.46;True
BOUNKANI;032;GOGO,TEHINI ET TOUGBO, COMMUNES ET SOUS-PREFECTURES;45;10547;5885;55.8;87;5798;160;2.76;INDEPENDANT;PALE SANSAN;61;1.05;False
CAVALLY;033;BLOLEQUIN, DIBOKE, DOKE, TINHOU ET ZEAGLO, COMMUNES ET SOUS-PREFECTURES;115;34438;11735;34.08;558;11177;135;1.21;RHDP;UNE CÔTE DIVOIRE PROSPERE ET SOLIDAIRE;5882;52.63;True
CAVALLY;033;BLOLEQUIN, DIBOKE, DOKE, TINHOU ET ZEAGLO, COMMUNES ET SOUS-PREFECTURES;115;34438;11735;34.08;558;11177;135;1.21;INDEPENDANT;CANDIDATURE POUR LA DIGNITE ET LE TRIOMPHE DU PEUPLE;344;3.08;False
CAVALLY;033;BLOLEQUIN, DIBOKE, DOKE, TINHOU ET ZEAGLO, COMMUNES ET SOUS-PREFECTURES;115;34438;11735;34.08;558;11177;135;1.21;PDCI-RDA;TOUS ENSEMBLE POUR LA CÔTE DIVOIRE;4816;43.09;False
CAVALLY;034;BEDY-GOAZON, KAADE ET NIZAHON, COMMUNES ET SOUS-PREFECTURES, GUIGLO, SOUS-PREFECTURE;58;16418;6438;39.21;189;6249;70;1.12;INDEPENDANT;KEI GBOHOU MELAINE;62;0.99;False
CAVALLY;034;BEDY-GOAZON, KAADE ET NIZAHON, COMMUNES ET SOUS-PREFECTURES, GUIGLO, SOUS-PREFECTURE;58;16418;6438;39.21;189;6249;70;1.12;RHDP;TIO LOUIS SERGE;3951;63.23;True
CAVALLY;034;BEDY-GOAZON, KAADE ET NIZAHON, COMMUNES ET SOUS-PREFECTURES, GUIGLO, SOUS-PREFECTURE;58;16418;6438;39.21;189;6249;70;1.12;PDCI-RDA;SARR BOHE MARIUS MELAINE DEGBAHOUA;2166;34.66;False
CAVALLY;035;GUIGLO, COMMUNE;95;35868;7312;20.39;252;7060;67;0.95;INDEPENDANT;BAMBA DAOUDA;727;10.3;False
CAVALLY;035;GUIGLO, COMMUNE;95;35868;7312;20.39;252;7060;67;0.95;RHDP;SERODE GUI HERVE MARC GATIEN;4099;58.06;True
CAVALLY;035;GUIGLO, COMMUNE;95;35868;7312;20.39;252;7060;67;0.95;INDEPENDANT;BAMBA LANCINE;175;2.48;False
CAVALLY;035;GUIGLO, COMMUNE;95;35868;7312;20.39;252;7060;67;0.95;INDEPENDANT;TIEON HERMANN ULRICH;84;1.19;False
CAVALLY;035;GUIGLO, COMMUNE;95;35868;7312;20.39;252;7060;67;0.95;INDEPENDANT;KEMONSIEHI JEAN BEDEL;567;8.03;False
CAVALLY;035;GUIGLO, COMMUNE;95;35868;7312;20.39;252;7060;67;0.95;INDEPENDANT;TAHI HOULOUNEGNION ALEXIS;191;2.71;False
CAVALLY;035;GUIGLO, COMMUNE;95;35868;7312;20.39;252;7060;67;0.95;INDEPENDANT;SIHE JESUS;1150;16.29;False
CAVALLY;036;TAI ET ZAGNE, COMMUNES ET SOUS-PREFECTURES;67;23648;7238;30.61;250;6988;63;0.9;INDEPENDANT;TIEDE ROBINSON POANHOULOU;71;1.02;False
CAVALLY;036;TAI ET ZAGNE, COMMUNES ET SOUS-PREFECTURES;67;23648;7238;30.61;250;6988;63;0.9;INDEPENDANT;COULIBALY KAYAFEHE LACINA;334;4.78;False
CAVALLY;036;TAI ET ZAGNE, COMMUNES ET SOUS-PREFECTURES;67;23648;7238;30.61;250;6988;63;0.9;RHDP;BAYALLA KOUYE MAYA HIPPOLYTE;4793;68.59;True
CAVALLY;036;TAI ET ZAGNE, COMMUNES ET SOUS-PREFECTURES;67;23648;7238;30.61;250;6988;63;0.9;CODE;VIMPLOU DJEHI GUEHE;55;0.79;False
CAVALLY;036;TAI ET ZAGNE, COMMUNES ET SOUS-PREFECTURES;67;23648;7238;30.61;250;6988;63;0.9;INDEPENDANT;GUIRE TCHERPKAHON EDGARD;87;1.24;False
CAVALLY;036;TAI ET ZAGNE, COMMUNES ET SOUS-PREFECTURES;67;23648;7238;30.61;250;6988;63;0.9;PDCI-RDA;GNONKONTE GNESSOA DESIRE;1585;22.68;False
CAVALLY;037;BAKOUBLI, MEO, NEZOBLY, PEHE, TIOBLY ET TOULEPLEU, COMMUNES ET SOUS-PREFECTURES;84;22722;11201;49.3;581;10620;115;1.08;RHDP;OULOTO ANNE DESIREE;6465;60.88;True
CAVALLY;037;BAKOUBLI, MEO, NEZOBLY, PEHE, TIOBLY ET TOULEPLEU, COMMUNES ET SOUS-PREFECTURES;84;22722;11201;49.3;581;10620;115;1.08;ADCI;DESSAON DOUANGNININ FABRICE;297;2.8;False
CAVALLY;037;BAKOUBLI, MEO, NEZOBLY, PEHE, TIOBLY ET TOULEPLEU, COMMUNES ET SOUS-PREFECTURES;84;22722;11201;49.3;581;10620;115;1.08;INDEPENDANT;BROU KOUAME PACOME;124;1.17;False
CAVALLY;037;BAKOUBLI, MEO, NEZOBLY, PEHE, TIOBLY ET TOULEPLEU, COMMUNES ET SOUS-PREFECTURES;84;22722;11201;49.3;581;10620;115;1.08;PDCI-RDA;ZION KAH DENIS;3619;34.08;False
DISTRICT AUTONOME D'ABIDJAN;038;ABOBO, COMMUNE;1058;438021;107134;24.46;2055;105079;1214;1.16;INDEPENDANT;ABOBO RENAISSANCE;916;0.87;False
DISTRICT AUTONOME D'ABIDJAN;038;ABOBO, COMMUNE;1058;438021;107134;24.46;2055;105079;1214;1.16;AIDE;AGIR AUJOURDHUI POUR BATIR DEMAIN;1374;1.31;False
DISTRICT AUTONOME D'ABIDJAN;038;ABOBO, COMMUNE;1058;438021;107134;24.46;2055;105079;1214;1.16;RHDP;UNE CÔTE DIVOIRE EN PAIX, PROSPERE ET SOLIDAIRE;92947;88.45;True
DISTRICT AUTONOME D'ABIDJAN;038;ABOBO, COMMUNE;1058;438021;107134;24.46;2055;105079;1214;1.16;PIA/PRI/CODE;OSONS LE CHANGEMENT;622;0.59;False
DISTRICT AUTONOME D'ABIDJAN;038;ABOBO, COMMUNE;1058;438021;107134;24.46;2055;105079;1214;1.16;INDEPENDANT;ENSEMBLE POUR UNE NOUVELLE VISION;647;0.62;False
DISTRICT AUTONOME D'ABIDJAN;038;ABOBO, COMMUNE;1058;438021;107134;24.46;2055;105079;1214;1.16;PDCI-RDA;TOUS ENSEMBLE POUR LA CÔTE D'IVOIRE;7359;7.0;False
DISTRICT AUTONOME D'ABIDJAN;039;ADJAME, COMMUNE;284;118995;14608;12.28;419;14189;148;1.04;INDEPENDANT;ADJAME DJIGUI;653;4.6;False
DISTRICT AUTONOME D'ABIDJAN;039;ADJAME, COMMUNE;284;118995;14608;12.28;419;14189;148;1.04;RHDP;UNE COTE DIVOIRE EN PAIX, PROSPERE ET SOLIDAIRE;11152;78.6;True
DISTRICT AUTONOME D'ABIDJAN;039;ADJAME, COMMUNE;284;118995;14608;12.28;419;14189;148;1.04;INDEPENDANT;ADJAME LE BARA;444;3.13;False
DISTRICT AUTONOME D'ABIDJAN;039;ADJAME, COMMUNE;284;118995;14608;12.28;419;14189;148;1.04;INDEPENDANT;ALTERNATIVE NOUVELLE GENERATION;152;1.07;False
DISTRICT AUTONOME D'ABIDJAN;039;ADJAME, COMMUNE;284;118995;14608;12.28;419;14189;148;1.04;INDEPENDANT;TOUS UNIS POUR UN ADJAME MEILLEUR;282;1.99;False
DISTRICT AUTONOME D'ABIDJAN;039;ADJAME, COMMUNE;284;118995;14608;12.28;419;14189;148;1.04;PDCI-RDA;TOUS ENSEMBLE POUR LA CÔTE D'IVOIRE;1358;9.57;False
DISTRICT AUTONOME D'ABIDJAN;040;ATTECOUBE, COMMUNE;250;103500;22760;21.99;382;22378;272;1.22;RHDP;UNE COTE DIVOIRE EN PAIX, PROSPERE ET SOLIDAIRE;18012;80.49;True
DISTRICT AUTONOME D'ABIDJAN;040;ATTECOUBE, COMMUNE;250;103500;22760;21.99;382;22378;272;1.22;INDEPENDANT;UNIR POUR LE CHANGEMENT;1054;4.71;False
DISTRICT AUTONOME D'ABIDJAN;040;ATTECOUBE, COMMUNE;250;103500;22760;21.99;382;22378;272;1.22;INDEPENDANT;LE COEUR POUR ATTECOUBE;187;0.84;False
DISTRICT AUTONOME D'ABIDJAN;040;ATTECOUBE, COMMUNE;250;103500;22760;21.99;382;22378;272;1.22;UNCI;SOLIDAIRE POUR TOUS;249;1.11;False
DISTRICT AUTONOME D'ABIDJAN;040;ATTECOUBE, COMMUNE;250;103500;22760;21.99;382;22378;272;1.22;INDEPENDANT;DEVELOPPEMENT ET PROGRES POUR ATTECOUBE;1395;6.23;False
DISTRICT AUTONOME D'ABIDJAN;040;ATTECOUBE, COMMUNE;250;103500;22760;21.99;382;22378;272;1.22;PDCI-RDA;TOUS ENSEMBLE POUR LA CÔTE D'IVOIRE;1209;5.4;False
DISTRICT AUTONOME D'ABIDJAN;041;COCODY, COMMUNE;667;279785;28279;10.11;501;27778;241;0.87;RHDP;UNE COTE DIVOIRE EN PAIX PROSPERE ET SOLIDAIRE;9269;33.37;False
DISTRICT AUTONOME D'ABIDJAN;041;COCODY, COMMUNE;667;279785;28279;10.11;501;27778;241;0.87;INDEPENDANT;COCODY SMART;34;0.12;False
DISTRICT AUTONOME D'ABIDJAN;041;COCODY, COMMUNE;667;279785;28279;10.11;501;27778;241;0.87;INDEPENDANT;ALLIANCE NOUVELLE POUR COCODY;133;0.48;False
DISTRICT AUTONOME D'ABIDJAN;041;COCODY, COMMUNE;667;279785;28279;10.11;501;27778;241;0.87;INDEPENDANT;NOUVELLE VISION POUR COCODY;90;0.32;False
DISTRICT AUTONOME D'ABIDJAN;041;COCODY, COMMUNE;667;279785;28279;10.11;501;27778;241;0.87;INDEPENDANT;LES ELUS AU SERVICE DU PEUPLE;667;2.4;False
DISTRICT AUTONOME D'ABIDJAN;041;COCODY, COMMUNE;667;279785;28279;10.11;501;27778;241;0.87;INDEPENDANT;NOUVEL ESPOIR DE COCODY;184;0.66;False
DISTRICT AUTONOME D'ABIDJAN;041;COCODY, COMMUNE;667;279785;28279;10.11;501;27778;241;0.87;AIDE;ENSEMBLE POUR LE DEVELOPPEMENT;110;0.4;False
DISTRICT AUTONOME D'ABIDJAN;041;COCODY, COMMUNE;667;279785;28279;10.11;501;27778;241;0.87;ADCI;AUJOURDHUI DEMAIN, LA COTE DIVOIRE (ADCI);1682;6.06;False
DISTRICT AUTONOME D'ABIDJAN;041;COCODY, COMMUNE;667;279785;28279;10.11;501;27778;241;0.87;INDEPENDANT;UNE IDEE POUR COCODY;105;0.38;False
DISTRICT AUTONOME D'ABIDJAN;041;COCODY, COMMUNE;667;279785;28279;10.11;501;27778;241;0.87;INDEPENDANT;PRO_COTE DIVOIRE POUR UN PARLEMENT DEFENSEUR DES POPULATIONS;46;0.17;False
DISTRICT AUTONOME D'ABIDJAN;041;COCODY, COMMUNE;667;279785;28279;10.11;501;27778;241;0.87;INDEPENDANT;LA SOUVERAINTE AU SERVICE DU DEVELOPPEMENT DU CAPITAL HUMAIN;165;0.59;False
DISTRICT AUTONOME D'ABIDJAN;041;COCODY, COMMUNE;667;279785;28279;10.11;501;27778;241;0.87;INDEPENDANT;NOUVELLE VOIX;280;1.01;False
DISTRICT AUTONOME D'ABIDJAN;041;COCODY, COMMUNE;667;279785;28279;10.11;501;27778;241;0.87;INDEPENDANT;POUR LE PEUPLE;32;0.12;False
DISTRICT AUTONOME D'ABIDJAN;041;COCODY, COMMUNE;667;279785;28279;10.11;501;27778;241;0.87;PDCI-RDA;TOUS ENSEMBLE POUR LE CÔTE-DIVOIRE;14740;53.06;True
DISTRICT AUTONOME D'ABIDJAN;042;KOUMASSI, COMMUNE;429;176954;33090;18.7;853;32237;328;1.02;RHDP;UNE COTE DIVOIRE EN PAIX, PROSPERE ET SOLIDAIRE;23968;74.35;True
DISTRICT AUTONOME D'ABIDJAN;042;KOUMASSI, COMMUNE;429;176954;33090;18.7;853;32237;328;1.02;INDEPENDANT;GENERATIONS AVENIR;1085;3.37;False
DISTRICT AUTONOME D'ABIDJAN;042;KOUMASSI, COMMUNE;429;176954;33090;18.7;853;32237;328;1.02;PDCI-RDA;TOUS ENSEMBLE POUR LA CÔTE D'IVOIRE;6856;21.27;False
DISTRICT AUTONOME D'ABIDJAN;043;MARCORY, COMMUNE;268;112183;26325;23.47;873;25452;197;0.77;INDEPENDANT;POUR UN MARCORY NOUVEAU;279;1.1;False
DISTRICT AUTONOME D'ABIDJAN;043;MARCORY, COMMUNE;268;112183;26325;23.47;873;25452;197;0.77;INDEPENDANT;AMAGOU ZAHUI 2025;493;1.94;False
DISTRICT AUTONOME D'ABIDJAN;043;MARCORY, COMMUNE;268;112183;26325;23.47;873;25452;197;0.77;INDEPENDANT;PROGRES RIGUEUR EXCELLENCE;58;0.23;False
DISTRICT AUTONOME D'ABIDJAN;043;MARCORY, COMMUNE;268;112183;26325;23.47;873;25452;197;0.77;ADCI;ADCI (AUJOURDHUI ET DEMAIN, LA CÔTE DIVOIRE);296;1.16;False
DISTRICT AUTONOME D'ABIDJAN;043;MARCORY, COMMUNE;268;112183;26325;23.47;873;25452;197;0.77;RHDP;UNE COTE DIVOIRE EN PAIX, PROSPERE ET SOLIDERE;13996;54.99;True
DISTRICT AUTONOME D'ABIDJAN;043;MARCORY, COMMUNE;268;112183;26325;23.47;873;25452;197;0.77;PDCI-RDA;TOUS ENSEMBLE POUR LA CÔTE D'IVOIRE;10133;39.81;False
DISTRICT AUTONOME D'ABIDJAN;044;PLATEAU, COMMUNE;228;97933;22944;23.43;998;21946;181;0.82;RHDP;OUATTARA DRAMANE;8864;40.39;False
DISTRICT AUTONOME D'ABIDJAN;044;PLATEAU, COMMUNE;228;97933;22944;23.43;998;21946;181;0.82;INDEPENDANT;FOFANA SINDOU;152;0.69;False
DISTRICT AUTONOME D'ABIDJAN;044;PLATEAU, COMMUNE;228;97933;22944;23.43;998;21946;181;0.82;PDCI-RDA;EHOUO JACQUES GABRIEL;12749;58.09;True
DISTRICT AUTONOME D'ABIDJAN;045;PORT-BOUET, COMMUNE;352;145545;24959;17.15;994;23965;272;1.13;INDEPENDANT;LA FORCE DU PEUPLE;99;0.41;False
DISTRICT AUTONOME D'ABIDJAN;045;PORT-BOUET, COMMUNE;352;145545;24959;17.15;994;23965;272;1.13;ADCI;AUJOURDHUI ET DEMAIN, LA COTE DIVOIRE;298;1.24;False
DISTRICT AUTONOME D'ABIDJAN;045;PORT-BOUET, COMMUNE;352;145545;24959;17.15;994;23965;272;1.13;RHDP;UNE COTE DIVOIRE EN PAIX ,PROPERE ET SOLIDAIRE;8197;34.2;False
DISTRICT AUTONOME D'ABIDJAN;045;PORT-BOUET, COMMUNE;352;145545;24959;17.15;994;23965;272;1.13;INDEPENDANT;VAINCRE LA PRECARITE;269;1.12;False
DISTRICT AUTONOME D'ABIDJAN;045;PORT-BOUET, COMMUNE;352;145545;24959;17.15;994;23965;272;1.13;INDEPENDANT;ESPOIR PORT BOUET;116;0.48;False
DISTRICT AUTONOME D'ABIDJAN;045;PORT-BOUET, COMMUNE;352;145545;24959;17.15;994;23965;272;1.13;INDEPENDANT;ENSSEMBLE ON TOURNE LA PAGE;206;0.86;False
DISTRICT AUTONOME D'ABIDJAN;045;PORT-BOUET, COMMUNE;352;145545;24959;17.15;994;23965;272;1.13;INDEPENDANT;ALLIANCE NOUVELLE GENERATION DES ELUS POLITIQUES DE COTE DIVOIRE;32;0.13;False
DISTRICT AUTONOME D'ABIDJAN;045;PORT-BOUET, COMMUNE;352;145545;24959;17.15;994;23965;272;1.13;PDCI-RDA;TOUS ENSEMBLE POUR LA CÔTE D'IVOIRE;14476;60.4;True
DISTRICT AUTONOME D'ABIDJAN;046;TREICHVILLE, COMMUNE;151;63505;10658;16.78;106;10552;64;0.61;INDEPENDANT;BLEHINE PODE THIERRY JOEL;116;1.1;False
DISTRICT AUTONOME D'ABIDJAN;046;TREICHVILLE, COMMUNE;151;63505;10658;16.78;106;10552;64;0.61;INDEPENDANT;BAYE PAUL PIERRE VALENTIN;1147;10.87;False
DISTRICT AUTONOME D'ABIDJAN;046;TREICHVILLE, COMMUNE;151;63505;10658;16.78;106;10552;64;0.61;INDEPENDANT;SOUMAORO GAOUSSOU GEORGES ELVIS;33;0.31;False
DISTRICT AUTONOME D'ABIDJAN;046;TREICHVILLE, COMMUNE;151;63505;10658;16.78;106;10552;64;0.61;RHDP;KAMARA AMINATA EPSE TOUNGARA;7173;67.98;True
DISTRICT AUTONOME D'ABIDJAN;046;TREICHVILLE, COMMUNE;151;63505;10658;16.78;106;10552;64;0.61;INDEPENDANT;TOURE IBRAHIME BEN NABIL;370;3.51;False
DISTRICT AUTONOME D'ABIDJAN;046;TREICHVILLE, COMMUNE;151;63505;10658;16.78;106;10552;64;0.61;INDEPENDANT;BOMINAL SERI MICHEL;11;0.1;False
DISTRICT AUTONOME D'ABIDJAN;046;TREICHVILLE, COMMUNE;151;63505;10658;16.78;106;10552;64;0.61;PDCI-RDA;KOUASSI-LENOIR GERMAIN;1638;15.52;False
DISTRICT AUTONOME D'ABIDJAN;047;YOPOUGON,COMMUNE;1320;555901;73989;13.31;2055;71934;707;0.98;INDEPENDANT;YOPOUGON NOTRE PASSION;2106;2.93;False
DISTRICT AUTONOME D'ABIDJAN;047;YOPOUGON,COMMUNE;1320;555901;73989;13.31;2055;71934;707;0.98;RHDP;UNE COTE DIVOIRE EN PAIX, PROPERE ET SOLIDAIRE;49017;68.14;True
DISTRICT AUTONOME D'ABIDJAN;047;YOPOUGON,COMMUNE;1320;555901;73989;13.31;2055;71934;707;0.98;INDEPENDANT;LA VOIX DE YOPOUGON;533;0.74;False
DISTRICT AUTONOME D'ABIDJAN;047;YOPOUGON,COMMUNE;1320;555901;73989;13.31;2055;71934;707;0.98;INDEPENDANT;NOUVELLE VISION;576;0.8;False
DISTRICT AUTONOME D'ABIDJAN;047;YOPOUGON,COMMUNE;1320;555901;73989;13.31;2055;71934;707;0.98;INDEPENDANT;UNIS POUR NOTRE COMMUNE YOPOUGON;238;0.33;False
DISTRICT AUTONOME D'ABIDJAN;047;YOPOUGON,COMMUNE;1320;555901;73989;13.31;2055;71934;707;0.98;PDCI-FPI-ADCI;TOUS ENSEMBLE POUR LA COTE DIVOIRE;18757;26.08;False
DISTRICT AUTONOME D'ABIDJAN;048;ANYAMA ET BROFODOUME, COMMUNES ET SOUS-PREFECTURES;279;107529;22823;21.22;597;22226;235;1.06;INDEPENDANT;UNE NOUVELLE VISION POUR ANYAMA;706;3.18;False
DISTRICT AUTONOME D'ABIDJAN;048;ANYAMA ET BROFODOUME, COMMUNES ET SOUS-PREFECTURES;279;107529;22823;21.22;597;22226;235;1.06;INDEPENDANT;CITOYENS-UNIS POUR UN NOUVEL ANYAMA;416;1.87;False
DISTRICT AUTONOME D'ABIDJAN;048;ANYAMA ET BROFODOUME, COMMUNES ET SOUS-PREFECTURES;279;107529;22823;21.22;597;22226;235;1.06;INDEPENDANT;UNION POUR LA GRANDEUR D'ANYAMA;1412;6.35;False
DISTRICT AUTONOME D'ABIDJAN;048;ANYAMA ET BROFODOUME, COMMUNES ET SOUS-PREFECTURES;279;107529;22823;21.22;597;22226;235;1.06;INDEPENDANT;ACTIFS POUR ANYAMA-ADJOUALE;3206;14.42;False
DISTRICT AUTONOME D'ABIDJAN;048;ANYAMA ET BROFODOUME, COMMUNES ET SOUS-PREFECTURES;279;107529;22823;21.22;597;22226;235;1.06;INDEPENDANT;ENSEMBLE POUR ANYAMA;403;1.81;False
DISTRICT AUTONOME D'ABIDJAN;048;ANYAMA ET BROFODOUME, COMMUNES ET SOUS-PREFECTURES;279;107529;22823;21.22;597;22226;235;1.06;INDEPENDANT;LA TEAM KONÉ;305;1.37;False
DISTRICT AUTONOME D'ABIDJAN;048;ANYAMA ET BROFODOUME, COMMUNES ET SOUS-PREFECTURES;279;107529;22823;21.22;597;22226;235;1.06;RHDP;UNE COTE DIVOIRE EN PAIX, PROSPERE ET SOLIDAIRE;8801;39.6;True
DISTRICT AUTONOME D'ABIDJAN;048;ANYAMA ET BROFODOUME, COMMUNES ET SOUS-PREFECTURES;279;107529;22823;21.22;597;22226;235;1.06;INDEPENDANT;ENSEMBLE POUR UNE RENAISSANCE DURABLE;4578;20.6;False
DISTRICT AUTONOME D'ABIDJAN;048;ANYAMA ET BROFODOUME, COMMUNES ET SOUS-PREFECTURES;279;107529;22823;21.22;597;22226;235;1.06;INDEPENDANT;L'ESPOIR D'ANYAMA C'EST VOUS;103;0.46;False
DISTRICT AUTONOME D'ABIDJAN;048;ANYAMA ET BROFODOUME, COMMUNES ET SOUS-PREFECTURES;279;107529;22823;21.22;597;22226;235;1.06;INDEPENDANT;ALIANCE POUR LA VOIX ET LECOUTE DE NOS CONCITOYENS;732;3.29;False
DISTRICT AUTONOME D'ABIDJAN;048;ANYAMA ET BROFODOUME, COMMUNES ET SOUS-PREFECTURES;279;107529;22823;21.22;597;22226;235;1.06;MERCI;LE MERCI;164;0.74;False
DISTRICT AUTONOME D'ABIDJAN;048;ANYAMA ET BROFODOUME, COMMUNES ET SOUS-PREFECTURES;279;107529;22823;21.22;597;22226;235;1.06;PDCI-RDA;NOUVELLE VISION;1165;5.24;False
DISTRICT AUTONOME D'ABIDJAN;049;BINGERVILLE, COMMUNE ET SOUS-PREFECTURE;180;68611;15096;22.0;224;14872;62;0.42;RHDP;DOUMBIA ISSOUF;6384;42.93;True
DISTRICT AUTONOME D'ABIDJAN;049;BINGERVILLE, COMMUNE ET SOUS-PREFECTURE;180;68611;15096;22.0;224;14872;62;0.42;INDEPENDANT;FANNY FATOU;203;1.36;False
DISTRICT AUTONOME D'ABIDJAN;049;BINGERVILLE, COMMUNE ET SOUS-PREFECTURE;180;68611;15096;22.0;224;14872;62;0.42;INDEPENDANT;OBOUO MELAINE EVRARD;446;3.0;False
DISTRICT AUTONOME D'ABIDJAN;049;BINGERVILLE, COMMUNE ET SOUS-PREFECTURE;180;68611;15096;22.0;224;14872;62;0.42;INDEPENDANT;HIEN KAMBIRE IBRAHIM;4792;32.22;False
DISTRICT AUTONOME D'ABIDJAN;049;BINGERVILLE, COMMUNE ET SOUS-PREFECTURE;180;68611;15096;22.0;224;14872;62;0.42;ADCI;DALEBA NAHOUNOU PIERRE LAUTTI;506;3.4;False
DISTRICT AUTONOME D'ABIDJAN;049;BINGERVILLE, COMMUNE ET SOUS-PREFECTURE;180;68611;15096;22.0;224;14872;62;0.42;INDEPENDANT;ALOBOUE SERGE ERIC;109;0.73;False
DISTRICT AUTONOME D'ABIDJAN;049;BINGERVILLE, COMMUNE ET SOUS-PREFECTURE;180;68611;15096;22.0;224;14872;62;0.42;URCI;KOUAME N'GUESSAN DESIRE;68;0.46;False
DISTRICT AUTONOME D'ABIDJAN;049;BINGERVILLE, COMMUNE ET SOUS-PREFECTURE;180;68611;15096;22.0;224;14872;62;0.42;INDEPENDANT;ZAKO OLILI LARISSA ARMELLE RENEE;15;0.1;False
DISTRICT AUTONOME D'ABIDJAN;049;BINGERVILLE, COMMUNE ET SOUS-PREFECTURE;180;68611;15096;22.0;224;14872;62;0.42;INDEPENDANT;KOUAME KOFFI FRANCK AIME;38;0.26;False
DISTRICT AUTONOME D'ABIDJAN;049;BINGERVILLE, COMMUNE ET SOUS-PREFECTURE;180;68611;15096;22.0;224;14872;62;0.42;PDCI-RDA;BEUGRE DJOMAN;2249;15.12;False
DISTRICT AUTONOME D'ABIDJAN;050;SONGON, COMMUNE ET SOUS-PREFECTURE;122;43864;33793;77.04;281;33512;193;0.58;INDEPENDANT;AKRE BIEFFO STEPHANE;388;1.16;False
DISTRICT AUTONOME D'ABIDJAN;050;SONGON, COMMUNE ET SOUS-PREFECTURE;122;43864;33793;77.04;281;33512;193;0.58;RHDP;MAMBE BEUGRE ROBERT;31927;95.27;True
DISTRICT AUTONOME D'ABIDJAN;050;SONGON, COMMUNE ET SOUS-PREFECTURE;122;43864;33793;77.04;281;33512;193;0.58;INDEPENDANT;SEA ROY JEAN ROMARIC;336;1.0;False
DISTRICT AUTONOME D'ABIDJAN;050;SONGON, COMMUNE ET SOUS-PREFECTURE;122;43864;33793;77.04;281;33512;193;0.58;INDEPENDANT;NDE ANGRE MOISE;419;1.25;False
DISTRICT AUTONOME D'ABIDJAN;050;SONGON, COMMUNE ET SOUS-PREFECTURE;122;43864;33793;77.04;281;33512;193;0.58;INDEPENDANT;DAGO PRISCA LARISSA GOUGOUHONON;249;0.74;False
DISTRICT AUTONOME DE YAMOUSSOUKRO;051;ATIIEGOUAKRO ET LOLOBO, COMMUNES ET SOUS-PREFECTURES;61;22039;7804;35.41;219;7585;93;1.23;INDEPENDANT;YAO KONAN GLOUA SAME;124;1.63;False
DISTRICT AUTONOME DE YAMOUSSOUKRO;051;ATIIEGOUAKRO ET LOLOBO, COMMUNES ET SOUS-PREFECTURES;61;22039;7804;35.41;219;7585;93;1.23;INDEPENDANT;YAO LOUKOU GILBERT;28;0.37;False
DISTRICT AUTONOME DE YAMOUSSOUKRO;051;ATIIEGOUAKRO ET LOLOBO, COMMUNES ET SOUS-PREFECTURES;61;22039;7804;35.41;219;7585;93;1.23;INDEPENDANT;BROU KOUAKOU JEAN-BAPTISTE;45;0.59;False
DISTRICT AUTONOME DE YAMOUSSOUKRO;051;ATIIEGOUAKRO ET LOLOBO, COMMUNES ET SOUS-PREFECTURES;61;22039;7804;35.41;219;7585;93;1.23;ADCI;NDRI KOUAME YVES;152;2.0;False
DISTRICT AUTONOME DE YAMOUSSOUKRO;051;ATIIEGOUAKRO ET LOLOBO, COMMUNES ET SOUS-PREFECTURES;61;22039;7804;35.41;219;7585;93;1.23;RHDP;KOFFI NGORAN JUSTIN;3618;47.7;True
DISTRICT AUTONOME DE YAMOUSSOUKRO;051;ATIIEGOUAKRO ET LOLOBO, COMMUNES ET SOUS-PREFECTURES;61;22039;7804;35.41;219;7585;93;1.23;PDCI-RDA;KONAN KOFFI MARIUS;3525;46.47;False
DISTRICT AUTONOME DE YAMOUSSOUKRO;052;KOSSOU, COMMUNE ET SOUS-PREFECTURE, YAMOUSSOUKRO, SOUS-PREFECTURE;62;19294;5120;26.54;174;4946;75;1.52;LE BUFFLE;KOFFI KOUAKOU KOUHOURE LEANDRE;1159;23.43;True
DISTRICT AUTONOME DE YAMOUSSOUKRO;052;KOSSOU, COMMUNE ET SOUS-PREFECTURE, YAMOUSSOUKRO, SOUS-PREFECTURE;62;19294;5120;26.54;174;4946;75;1.52;INDEPENDANT;SEYDOU OUATTARA;100;2.02;False
DISTRICT AUTONOME DE YAMOUSSOUKRO;052;KOSSOU, COMMUNE ET SOUS-PREFECTURE, YAMOUSSOUKRO, SOUS-PREFECTURE;62;19294;5120;26.54;174;4946;75;1.52;INDEPENDANT;OKA ALAIN THIERRY;171;3.46;False
DISTRICT AUTONOME DE YAMOUSSOUKRO;052;KOSSOU, COMMUNE ET SOUS-PREFECTURE, YAMOUSSOUKRO, SOUS-PREFECTURE;62;19294;5120;26.54;174;4946;75;1.52;INDEPENDANT;BIFFI KOUADIO MACAIRE-JEAN;950;19.21;False
DISTRICT AUTONOME DE YAMOUSSOUKRO;052;KOSSOU, COMMUNE ET SOUS-PREFECTURE, YAMOUSSOUKRO, SOUS-PREFECTURE;62;19294;5120;26.54;174;4946;75;1.52;INDEPENDANT;KOUAME ELVIS KOUADIO;107;2.16;False
DISTRICT AUTONOME DE YAMOUSSOUKRO;052;KOSSOU, COMMUNE ET SOUS-PREFECTURE, YAMOUSSOUKRO, SOUS-PREFECTURE;62;19294;5120;26.54;174;4946;75;1.52;ADCI;AKPETOU KOUAME LAZARE;55;1.11;False
DISTRICT AUTONOME DE YAMOUSSOUKRO;052;KOSSOU, COMMUNE ET SOUS-PREFECTURE, YAMOUSSOUKRO, SOUS-PREFECTURE;62;19294;5120;26.54;174;4946;75;1.52;RHDP;N'GUESSAN BEWAN ANICET;1107;22.38;False
DISTRICT AUTONOME DE YAMOUSSOUKRO;052;KOSSOU, COMMUNE ET SOUS-PREFECTURE, YAMOUSSOUKRO, SOUS-PREFECTURE;62;19294;5120;26.54;174;4946;75;1.52;INDEPENDANT;LOUKOU KOUAME RICHARD;186;3.76;False
DISTRICT AUTONOME DE YAMOUSSOUKRO;052;KOSSOU, COMMUNE ET SOUS-PREFECTURE, YAMOUSSOUKRO, SOUS-PREFECTURE;62;19294;5120;26.54;174;4946;75;1.52;INDEPENDANT;BOA ETCHEGNE SYLVAIN PRUDENCE;141;2.85;False
DISTRICT AUTONOME DE YAMOUSSOUKRO;052;KOSSOU, COMMUNE ET SOUS-PREFECTURE, YAMOUSSOUKRO, SOUS-PREFECTURE;62;19294;5120;26.54;174;4946;75;1.52;INDEPENDANT;AMANI KOFFI JEROME;7;0.14;False
DISTRICT AUTONOME DE YAMOUSSOUKRO;052;KOSSOU, COMMUNE ET SOUS-PREFECTURE, YAMOUSSOUKRO, SOUS-PREFECTURE;62;19294;5120;26.54;174;4946;75;1.52;INDEPENDANT;KONAN KONAN EVRAD;147;2.97;False
DISTRICT AUTONOME DE YAMOUSSOUKRO;052;KOSSOU, COMMUNE ET SOUS-PREFECTURE, YAMOUSSOUKRO, SOUS-PREFECTURE;62;19294;5120;26.54;174;4946;75;1.52;PDCI-RDA;KOUAME KONAN EDOUARD;730;14.76;False
DISTRICT AUTONOME DE YAMOUSSOUKRO;052;KOSSOU, COMMUNE ET SOUS-PREFECTURE, YAMOUSSOUKRO, SOUS-PREFECTURE;62;19294;5120;26.54;174;4946;75;1.52;INDEPENDANT;KOUACOU AHOU JOSEE DESTHER;11;0.22;False
DISTRICT AUTONOME DE YAMOUSSOUKRO;053;YAMOUSSOUKRO,COMMUNE;288;118151;36304;30.73;756;35548;327;0.92;INDEPENDANT;ESPOIR;106;0.3;False
DISTRICT AUTONOME DE YAMOUSSOUKRO;053;YAMOUSSOUKRO,COMMUNE;288;118151;36304;30.73;756;35548;327;0.92;RHDP;UNE CÔTE DIVOIRE EN PAIX, PROSPERE ET SOLIDAIRE;22070;62.09;True
DISTRICT AUTONOME DE YAMOUSSOUKRO;053;YAMOUSSOUKRO,COMMUNE;288;118151;36304;30.73;756;35548;327;0.92;INDEPENDANT;BATISSONS ENSEMBLE LA NATION IVOIRIENNE;141;0.4;False
DISTRICT AUTONOME DE YAMOUSSOUKRO;053;YAMOUSSOUKRO,COMMUNE;288;118151;36304;30.73;756;35548;327;0.92;PDCI-RDA;TOUS ENSEMBLE POUR LA CÔTE D'IVOIRE;12904;36.3;False
FOLON;054;GOULIA, TIENKO, MAHANDIANA-SOKOURANI ET KIMBIRILA-NORD, COMMUNES ET SOUS-PREFECTURES;98;30154;21695;71.95;296;21399;422;1.97;INDEPENDANT;KONE LANCINE;10274;48.01;False
FOLON;054;GOULIA, TIENKO, MAHANDIANA-SOKOURANI ET KIMBIRILA-NORD, COMMUNES ET SOUS-PREFECTURES;98;30154;21695;71.95;296;21399;422;1.97;RHDP;SIDIBE BERRY;10703;50.02;True
FOLON;055;KANIASSO, MINIGNAN ET SOKORO, COMMUNES ET SOUS-PREFECTURES;60;19524;12753;65.32;144;12609;121;0.96;INDEPENDANT;KONE MAMERY;3651;28.96;False
FOLON;055;KANIASSO, MINIGNAN ET SOKORO, COMMUNES ET SOUS-PREFECTURES;60;19524;12753;65.32;144;12609;121;0.96;INDEPENDANT;KALILOU CAMARA;268;2.13;False
FOLON;055;KANIASSO, MINIGNAN ET SOKORO, COMMUNES ET SOUS-PREFECTURES;60;19524;12753;65.32;144;12609;121;0.96;INDEPENDANT;BAMBA KARIM;383;3.04;False
FOLON;055;KANIASSO, MINIGNAN ET SOKORO, COMMUNES ET SOUS-PREFECTURES;60;19524;12753;65.32;144;12609;121;0.96;RHDP;SIDIBE NOUMORY;8154;64.67;True
FOLON;055;KANIASSO, MINIGNAN ET SOKORO, COMMUNES ET SOUS-PREFECTURES;60;19524;12753;65.32;144;12609;121;0.96;CODE;TOURE MAMADOU;32;0.25;False
GBEKE;056;ANDO-KEKRENOU, BEOUMI ET KONDROBO, COMMUNES ET SOUS-PREFECTURES;129;39082;15791;40.4;718;15073;166;1.1;INDEPENDANT;ENSEMBLE POUR NOTRE BEOUMI;4628;30.7;False
GBEKE;056;ANDO-KEKRENOU, BEOUMI ET KONDROBO, COMMUNES ET SOUS-PREFECTURES;129;39082;15791;40.4;718;15073;166;1.1;ADCI;ADCI (Aujourd'hui et demain, la Côte D'Ivoire);154;1.02;False
GBEKE;056;ANDO-KEKRENOU, BEOUMI ET KONDROBO, COMMUNES ET SOUS-PREFECTURES;129;39082;15791;40.4;718;15073;166;1.1;INDEPENDANT;LA VOIX DE BEOUMI POUR LA COTE DIVOIRE;192;1.27;False
GBEKE;056;ANDO-KEKRENOU, BEOUMI ET KONDROBO, COMMUNES ET SOUS-PREFECTURES;129;39082;15791;40.4;718;15073;166;1.1;INDEPENDANT;BEOUMI EN MARCHE;200;1.33;False
GBEKE;056;ANDO-KEKRENOU, BEOUMI ET KONDROBO, COMMUNES ET SOUS-PREFECTURES;129;39082;15791;40.4;718;15073;166;1.1;RHDP;UNE COTE DIVOIRE EN PAIX,PROSPERE ET SOLIDAIRE;3559;23.61;False
GBEKE;056;ANDO-KEKRENOU, BEOUMI ET KONDROBO, COMMUNES ET SOUS-PREFECTURES;129;39082;15791;40.4;718;15073;166;1.1;INDEPENDANT;ENTENTE POUR LE DEVELOPPEMENT;440;2.92;False
GBEKE;056;ANDO-KEKRENOU, BEOUMI ET KONDROBO, COMMUNES ET SOUS-PREFECTURES;129;39082;15791;40.4;718;15073;166;1.1;PDCI-RDA;TOUS ENSEMBLE POUR LA CÔTE D'IVOIRE;5734;38.04;True
GBEKE;057;BODOKRO, LOLOBO ET N'GUESSANKRO, COMMUNES ET SOUS-PREFECTURES;76;20187;7420;36.76;236;7184;78;1.09;INDEPENDANT;KOUAKOU KOUAME MAXIME;3375;46.98;True
GBEKE;057;BODOKRO, LOLOBO ET N'GUESSANKRO, COMMUNES ET SOUS-PREFECTURES;76;20187;7420;36.76;236;7184;78;1.09;RHDP;KOUAME ATTINGBRE;1600;22.27;False
GBEKE;057;BODOKRO, LOLOBO ET N'GUESSANKRO, COMMUNES ET SOUS-PREFECTURES;76;20187;7420;36.76;236;7184;78;1.09;INDEPENDANT;N'GUESSAN KOUADIO JULES;261;3.63;False
GBEKE;057;BODOKRO, LOLOBO ET N'GUESSANKRO, COMMUNES ET SOUS-PREFECTURES;76;20187;7420;36.76;236;7184;78;1.09;FPI;KOUASSI YAO RAPHAËL;329;4.58;False
GBEKE;057;BODOKRO, LOLOBO ET N'GUESSANKRO, COMMUNES ET SOUS-PREFECTURES;76;20187;7420;36.76;236;7184;78;1.09;PDCI-RDA;SAHOURE N'GUESSAN PATRICE;1541;21.45;False
GBEKE;058;BOTRO ET KROFOINSOU, COMMUNES ET SOUS-PREFECTURES;64;15712;6698;42.63;231;6467;56;0.87;INDEPENDANT;YAO KOUASSI NOGUES;208;3.22;False
GBEKE;058;BOTRO ET KROFOINSOU, COMMUNES ET SOUS-PREFECTURES;64;15712;6698;42.63;231;6467;56;0.87;RHDP;YAO KOUASSI MAURICE;3639;56.27;True
GBEKE;058;BOTRO ET KROFOINSOU, COMMUNES ET SOUS-PREFECTURES;64;15712;6698;42.63;231;6467;56;0.87;INDEPENDANT;KOUADIO KOUASSI LANDRY;289;4.47;False
GBEKE;058;BOTRO ET KROFOINSOU, COMMUNES ET SOUS-PREFECTURES;64;15712;6698;42.63;231;6467;56;0.87;INDEPENDANT;GNAMIEN KONAN;221;3.42;False
GBEKE;058;BOTRO ET KROFOINSOU, COMMUNES ET SOUS-PREFECTURES;64;15712;6698;42.63;231;6467;56;0.87;INDEPENDANT;DIABY AMADOU;79;1.22;False
GBEKE;058;BOTRO ET KROFOINSOU, COMMUNES ET SOUS-PREFECTURES;64;15712;6698;42.63;231;6467;56;0.87;PDCI-RDA;AZAGOH-KOUADIO RICHARD;1975;30.54;False
GBEKE;059;DIABO ET LANGUIBONOU, COMMUNES ET SOUS-PREFECTURES;108;27040;10747;39.74;363;10384;147;1.42;RHDP;ASSAHORE KONAN JACQUES;6758;65.08;True
GBEKE;059;DIABO ET LANGUIBONOU, COMMUNES ET SOUS-PREFECTURES;108;27040;10747;39.74;363;10384;147;1.42;INDEPENDANT;YAO-KOUAME ALBERT;78;0.75;False
GBEKE;059;DIABO ET LANGUIBONOU, COMMUNES ET SOUS-PREFECTURES;108;27040;10747;39.74;363;10384;147;1.42;INDEPENDANT;BROU KOUASSI FELICIEN;57;0.55;False
GBEKE;059;DIABO ET LANGUIBONOU, COMMUNES ET SOUS-PREFECTURES;108;27040;10747;39.74;363;10384;147;1.42;INDEPENDANT;KOUADIO KOUAME EMMANUEL;80;0.77;False
GBEKE;059;DIABO ET LANGUIBONOU, COMMUNES ET SOUS-PREFECTURES;108;27040;10747;39.74;363;10384;147;1.42;INDEPENDANT;YAO BETTY ARIANE REBECCA MARIE;598;5.76;False
GBEKE;059;DIABO ET LANGUIBONOU, COMMUNES ET SOUS-PREFECTURES;108;27040;10747;39.74;363;10384;147;1.42;INDEPENDANT;N'GUESSAN KOUADIO LEONCE;22;0.21;False
GBEKE;059;DIABO ET LANGUIBONOU, COMMUNES ET SOUS-PREFECTURES;108;27040;10747;39.74;363;10384;147;1.42;PDCI-RDA;HOUSSOU KOUADIO CHRISTOPHE;2644;25.46;False
GBEKE;060;BOUAKE, VILLE;710;277859;114172;41.09;1375;112797;1179;1.05;RHDP;UNE CÔTE DIVOIRE EN PAIX, PROSPERE ET SOLIDARITE;111618;98.95;True
GBEKE;061;BOUNDA, BROBO ET MAMINI, COMMUNES ET SOUS-PREFECTURES, BOUAKE, SOUS-PREFECTURE;136;29385;11859;40.36;511;11348;143;1.26;CODE;OSONS LE CHANGEMENT;692;6.1;False
GBEKE;061;BOUNDA, BROBO ET MAMINI, COMMUNES ET SOUS-PREFECTURES, BOUAKE, SOUS-PREFECTURE;136;29385;11859;40.36;511;11348;143;1.26;GP-PAIX;PAIX-UNITE-PROSPERITE;300;2.64;False
GBEKE;061;BOUNDA, BROBO ET MAMINI, COMMUNES ET SOUS-PREFECTURES, BOUAKE, SOUS-PREFECTURE;136;29385;11859;40.36;511;11348;143;1.26;INDEPENDANT;VISION, INTEGRITE, ESPOIR;940;8.28;False
GBEKE;061;BOUNDA, BROBO ET MAMINI, COMMUNES ET SOUS-PREFECTURES, BOUAKE, SOUS-PREFECTURE;136;29385;11859;40.36;511;11348;143;1.26;RHDP;"UNE COTE D""IVOIRE EN PAIX,PROSPERE ET SOLIDAIRE";5421;47.77;True
GBEKE;061;BOUNDA, BROBO ET MAMINI, COMMUNES ET SOUS-PREFECTURES, BOUAKE, SOUS-PREFECTURE;136;29385;11859;40.36;511;11348;143;1.26;PDCI-RDA;TOUS ENSEMBLE POUR LA CÔTE D'IVOIRE;3771;33.23;False
GBEKE;061;BOUNDA, BROBO ET MAMINI, COMMUNES ET SOUS-PREFECTURES, BOUAKE, SOUS-PREFECTURE;136;29385;11859;40.36;511;11348;143;1.26;INDEPENDANT;UNION-DYNAMISME-ENTRAIDE;81;0.71;False
GBEKE;062;DJEBONOUA, COMMUNE ET SOUS-PREFECTURE;53;13760;5286;38.42;173;5113;59;1.15;ADCI;KONAN YAO AUBIN;60;1.17;False
GBEKE;062;DJEBONOUA, COMMUNE ET SOUS-PREFECTURE;53;13760;5286;38.42;173;5113;59;1.15;INDEPENDANT;TAIGUAIN KOFFI EDMOND;243;4.75;False
GBEKE;062;DJEBONOUA, COMMUNE ET SOUS-PREFECTURE;53;13760;5286;38.42;173;5113;59;1.15;INDEPENDANT;KOUAME KOUASSI GUSTAVE;1224;23.94;False
GBEKE;062;DJEBONOUA, COMMUNE ET SOUS-PREFECTURE;53;13760;5286;38.42;173;5113;59;1.15;INDEPENDANT;KOUADIO DIE;60;1.17;False
GBEKE;062;DJEBONOUA, COMMUNE ET SOUS-PREFECTURE;53;13760;5286;38.42;173;5113;59;1.15;INDEPENDANT;DJE EDEPHOUET JACQUES ARNAUD;82;1.6;False
GBEKE;062;DJEBONOUA, COMMUNE ET SOUS-PREFECTURE;53;13760;5286;38.42;173;5113;59;1.15;RHDP;ALLALI JUSTICE EULOGE BENIANSOU;441;8.63;False
GBEKE;062;DJEBONOUA, COMMUNE ET SOUS-PREFECTURE;53;13760;5286;38.42;173;5113;59;1.15;PDCI-RDA;YAO KOUADIO ROLAND;2944;57.58;True
GBEKE;063;AYAOU-SRAN, DIBRI-ASRIKRO, SAKASSOU ET TOUMODI-SAKASSOU, COMMUNES ET SOUS-PREFECTURES;143;38024;11752;30.91;377;11375;163;1.43;INDEPENDANT;KOUADIO KPANNIGO N'GUESSAN VALERIE;1155;10.15;False
GBEKE;063;AYAOU-SRAN, DIBRI-ASRIKRO, SAKASSOU ET TOUMODI-SAKASSOU, COMMUNES ET SOUS-PREFECTURES;143;38024;11752;30.91;377;11375;163;1.43;INDEPENDANT;N'GUESSAN KOUASSI DENIS;34;0.3;False
GBEKE;063;AYAOU-SRAN, DIBRI-ASRIKRO, SAKASSOU ET TOUMODI-SAKASSOU, COMMUNES ET SOUS-PREFECTURES;143;38024;11752;30.91;377;11375;163;1.43;INDEPENDANT;KOUASSI HERMANN RODOLPHE;284;2.5;False
GBEKE;063;AYAOU-SRAN, DIBRI-ASRIKRO, SAKASSOU ET TOUMODI-SAKASSOU, COMMUNES ET SOUS-PREFECTURES;143;38024;11752;30.91;377;11375;163;1.43;CODE;ZELIA KAKAUF ABOH KOFFI;177;1.56;False
GBEKE;063;AYAOU-SRAN, DIBRI-ASRIKRO, SAKASSOU ET TOUMODI-SAKASSOU, COMMUNES ET SOUS-PREFECTURES;143;38024;11752;30.91;377;11375;163;1.43;INDEPENDANT;KOFFI KOUACOU BENOIT;214;1.88;False
GBEKE;063;AYAOU-SRAN, DIBRI-ASRIKRO, SAKASSOU ET TOUMODI-SAKASSOU, COMMUNES ET SOUS-PREFECTURES;143;38024;11752;30.91;377;11375;163;1.43;RHDP;TOTO KOUADIO YVES;3597;31.62;False
GBEKE;063;AYAOU-SRAN, DIBRI-ASRIKRO, SAKASSOU ET TOUMODI-SAKASSOU, COMMUNES ET SOUS-PREFECTURES;143;38024;11752;30.91;377;11375;163;1.43;ADCI;TOTO KONAN VALENTIN;781;6.87;False
GBEKE;063;AYAOU-SRAN, DIBRI-ASRIKRO, SAKASSOU ET TOUMODI-SAKASSOU, COMMUNES ET SOUS-PREFECTURES;143;38024;11752;30.91;377;11375;163;1.43;PDCI-RDA;KOUADIO KOUAME EUGENE;4970;43.69;True
GBOKLE;064;DAKPADOU ET SAGO, COMMUNES ET SOUS·PREFECTURES;71;19602;6919;35.3;108;6811;118;1.73;RHDP;KEBE MAHAMADOU;4897;71.9;True
GBOKLE;064;DAKPADOU ET SAGO, COMMUNES ET SOUS·PREFECTURES;71;19602;6919;35.3;108;6811;118;1.73;INDEPENDANT;YAO KONAN PAUL STEPHANE GISCARD RUFFIN;411;6.03;False
GBOKLE;064;DAKPADOU ET SAGO, COMMUNES ET SOUS·PREFECTURES;71;19602;6919;35.3;108;6811;118;1.73;PDCI-RDA;GBALET DAKOURY DENIS;1385;20.33;False
GBOKLE;065;GRIHIRI, LOBAKUYA, MEDON ET SASSANDRA, COMMUNES ET SOUS-PREFECTURES;104;29913;7502;25.08;189;7313;61;0.83;INDEPENDANT;KACOU MEA D'ASSIE JUSTIN KEVIN;4032;55.13;True
GBOKLE;065;GRIHIRI, LOBAKUYA, MEDON ET SASSANDRA, COMMUNES ET SOUS-PREFECTURES;104;29913;7502;25.08;189;7313;61;0.83;RHDP;FREGBO GUETE BASILE MESMIN;2632;35.99;False
GBOKLE;065;GRIHIRI, LOBAKUYA, MEDON ET SASSANDRA, COMMUNES ET SOUS-PREFECTURES;104;29913;7502;25.08;189;7313;61;0.83;UDCY;GOUHIZOUN N'DA PATRICK JEAN KOUAME;74;1.01;False
GBOKLE;065;GRIHIRI, LOBAKUYA, MEDON ET SASSANDRA, COMMUNES ET SOUS-PREFECTURES;104;29913;7502;25.08;189;7313;61;0.83;INDEPENDANT;DIAKITE MOHAMED;111;1.52;False
GBOKLE;065;GRIHIRI, LOBAKUYA, MEDON ET SASSANDRA, COMMUNES ET SOUS-PREFECTURES;104;29913;7502;25.08;189;7313;61;0.83;PDCI-RDA;GOUDARD AGOUA MOISE-HONORAT;403;5.51;False
GBOKLE;066;DAHIRI, FRESCO ET GBAGBAM, COMMUNES ET SOUS-PREFECTURES;82;19869;6546;32.95;155;6391;57;0.89;INDEPENDANT;NANAN KOFFI;303;4.74;False
GBOKLE;066;DAHIRI, FRESCO ET GBAGBAM, COMMUNES ET SOUS-PREFECTURES;82;19869;6546;32.95;155;6391;57;0.89;INDEPENDANT;SAMA DAMALAN JANVIER;967;15.13;False
GBOKLE;066;DAHIRI, FRESCO ET GBAGBAM, COMMUNES ET SOUS-PREFECTURES;82;19869;6546;32.95;155;6391;57;0.89;RHDP;LEGRE DAKPA PHILIPPE;2976;46.57;True
GBOKLE;066;DAHIRI, FRESCO ET GBAGBAM, COMMUNES ET SOUS-PREFECTURES;82;19869;6546;32.95;155;6391;57;0.89;ADCI;ABALE BASILE HENRI;85;1.33;False
GBOKLE;066;DAHIRI, FRESCO ET GBAGBAM, COMMUNES ET SOUS-PREFECTURES;82;19869;6546;32.95;155;6391;57;0.89;INDEPENDANT;KPREKPRE ZILIHONON BERNADETTE ERNESTINE SYLVIE;1625;25.43;False
GBOKLE;066;DAHIRI, FRESCO ET GBAGBAM, COMMUNES ET SOUS-PREFECTURES;82;19869;6546;32.95;155;6391;57;0.89;PDCI-RDA;ZAMA JEAN-LUC;378;5.91;False
GOH;067;BAYOTA, DAHIEPA·KEHI, OURAGAHIO ET YOPOHUE, COMMUNES ET SOUS-PREFECTURES;150;42324;10693;25.26;274;10419;166;1.59;INDEPENDANT;YORO ALAIN MICHEL;67;0.64;False
GOH;067;BAYOTA, DAHIEPA·KEHI, OURAGAHIO ET YOPOHUE, COMMUNES ET SOUS-PREFECTURES;150;42324;10693;25.26;274;10419;166;1.59;INDEPENDANT;GOLLO-TABLEY ROBERT GABRIEL;121;1.16;False
GOH;067;BAYOTA, DAHIEPA·KEHI, OURAGAHIO ET YOPOHUE, COMMUNES ET SOUS-PREFECTURES;150;42324;10693;25.26;274;10419;166;1.59;INDEPENDANT;DOUAI LEGRE GERMAIN;1582;15.18;False
GOH;067;BAYOTA, DAHIEPA·KEHI, OURAGAHIO ET YOPOHUE, COMMUNES ET SOUS-PREFECTURES;150;42324;10693;25.26;274;10419;166;1.59;INDEPENDANT;GBEKEDI DOUHABOU NOEL;63;0.6;False
GOH;067;BAYOTA, DAHIEPA·KEHI, OURAGAHIO ET YOPOHUE, COMMUNES ET SOUS-PREFECTURES;150;42324;10693;25.26;274;10419;166;1.59;EDS;GAROU ANTONI;418;4.01;False
GOH;067;BAYOTA, DAHIEPA·KEHI, OURAGAHIO ET YOPOHUE, COMMUNES ET SOUS-PREFECTURES;150;42324;10693;25.26;274;10419;166;1.59;PDCI-RDA;KONE-OBRE DEPROU CYRIELLE EMMANUELLE;1819;17.46;False
GOH;067;BAYOTA, DAHIEPA·KEHI, OURAGAHIO ET YOPOHUE, COMMUNES ET SOUS-PREFECTURES;150;42324;10693;25.26;274;10419;166;1.59;MGC;GOURI KOUDOUGNON ALAIN;140;1.34;False
GOH;067;BAYOTA, DAHIEPA·KEHI, OURAGAHIO ET YOPOHUE, COMMUNES ET SOUS-PREFECTURES;150;42324;10693;25.26;274;10419;166;1.59;INDEPENDANT;KRIZO NICOLE FLEUR REGINA;42;0.4;False
GOH;067;BAYOTA, DAHIEPA·KEHI, OURAGAHIO ET YOPOHUE, COMMUNES ET SOUS-PREFECTURES;150;42324;10693;25.26;274;10419;166;1.59;INDEPENDANT;SOGO AYMAR TANGUY BLAIS;662;6.35;False
GOH;067;BAYOTA, DAHIEPA·KEHI, OURAGAHIO ET YOPOHUE, COMMUNES ET SOUS-PREFECTURES;150;42324;10693;25.26;274;10419;166;1.59;INDEPENDANT;DJEDJE BAGNON MARIUS BIENVENU;621;5.96;False
GOH;067;BAYOTA, DAHIEPA·KEHI, OURAGAHIO ET YOPOHUE, COMMUNES ET SOUS-PREFECTURES;150;42324;10693;25.26;274;10419;166;1.59;RHDP;KONE ISSA;2749;26.38;True
GOH;067;BAYOTA, DAHIEPA·KEHI, OURAGAHIO ET YOPOHUE, COMMUNES ET SOUS-PREFECTURES;150;42324;10693;25.26;274;10419;166;1.59;INDEPENDANT;DALLY PRUDENCE SONIA;299;2.87;False
GOH;067;BAYOTA, DAHIEPA·KEHI, OURAGAHIO ET YOPOHUE, COMMUNES ET SOUS-PREFECTURES;150;42324;10693;25.26;274;10419;166;1.59;CODE;GRI SERAPHIN;195;1.87;False
GOH;067;BAYOTA, DAHIEPA·KEHI, OURAGAHIO ET YOPOHUE, COMMUNES ET SOUS-PREFECTURES;150;42324;10693;25.26;274;10419;166;1.59;INDEPENDANT;LITIE LITIE ERIC;95;0.91;False
GOH;067;BAYOTA, DAHIEPA·KEHI, OURAGAHIO ET YOPOHUE, COMMUNES ET SOUS-PREFECTURES;150;42324;10693;25.26;274;10419;166;1.59;INDEPENDANT;YOUBOLOU ADJEHI NATHALIE;266;2.55;False
GOH;067;BAYOTA, DAHIEPA·KEHI, OURAGAHIO ET YOPOHUE, COMMUNES ET SOUS-PREFECTURES;150;42324;10693;25.26;274;10419;166;1.59;INDEPENDANT;ZAGO KPOKOU FRANCIS GOSSET;373;3.58;False
GOH;067;BAYOTA, DAHIEPA·KEHI, OURAGAHIO ET YOPOHUE, COMMUNES ET SOUS-PREFECTURES;150;42324;10693;25.26;274;10419;166;1.59;INDEPENDANT;GBALOU SERY MARTIN CLAVER;741;7.11;False
GOH;068;DIGNAGO, GALEBOUO ET GUIBEROUA, COMMUNES ET SOUS-PREFECTURES;110;30755;8919;29.0;276;8643;87;1.01;CRI PANAFRICAIN;NAKI GOHOU ABEL;17;0.2;False
GOH;068;DIGNAGO, GALEBOUO ET GUIBEROUA, COMMUNES ET SOUS-PREFECTURES;110;30755;8919;29.0;276;8643;87;1.01;FPI;LIBY GUILLAUME;274;3.17;False
GOH;068;DIGNAGO, GALEBOUO ET GUIBEROUA, COMMUNES ET SOUS-PREFECTURES;110;30755;8919;29.0;276;8643;87;1.01;PDCI-RDA;DIGBEU BLE ALFRED;1704;19.72;False
GOH;068;DIGNAGO, GALEBOUO ET GUIBEROUA, COMMUNES ET SOUS-PREFECTURES;110;30755;8919;29.0;276;8643;87;1.01;INDEPENDANT;OURAGA SERGE OLIVIER;1327;15.35;False
GOH;068;DIGNAGO, GALEBOUO ET GUIBEROUA, COMMUNES ET SOUS-PREFECTURES;110;30755;8919;29.0;276;8643;87;1.01;RHDP;DOGO LOGBO MYSS BELMONDE;4730;54.73;True
GOH;068;DIGNAGO, GALEBOUO ET GUIBEROUA, COMMUNES ET SOUS-PREFECTURES;110;30755;8919;29.0;276;8643;87;1.01;CODE;ZIE BETO ALFRED;44;0.51;False
GOH;068;DIGNAGO, GALEBOUO ET GUIBEROUA, COMMUNES ET SOUS-PREFECTURES;110;30755;8919;29.0;276;8643;87;1.01;INDEPENDANT;KOUADIO KONAN LEON;460;5.32;False
GOH;069;DOUGROUPALEGNOA, DOUKOUYO, GNAGBODOUGNOA ET SERIHIO, COMMUNES ET SOUS-PREFECTURES, GAGNOA, SOUS-PREFECTURE;129;36390;10519;28.91;451;10068;159;1.58;INDEPENDANT;GNAHORE SIABA GEORGES;448;4.45;False
GOH;069;DOUGROUPALEGNOA, DOUKOUYO, GNAGBODOUGNOA ET SERIHIO, COMMUNES ET SOUS-PREFECTURES, GAGNOA, SOUS-PREFECTURE;129;36390;10519;28.91;451;10068;159;1.58;INDEPENDANT;KAKOU GUIKAHUE MAURICE;1600;15.89;False
GOH;069;DOUGROUPALEGNOA, DOUKOUYO, GNAGBODOUGNOA ET SERIHIO, COMMUNES ET SOUS-PREFECTURES, GAGNOA, SOUS-PREFECTURE;129;36390;10519;28.91;451;10068;159;1.58;INDEPENDANT;ADJI KODOU MATHIAS;55;0.55;False
GOH;069;DOUGROUPALEGNOA, DOUKOUYO, GNAGBODOUGNOA ET SERIHIO, COMMUNES ET SOUS-PREFECTURES, GAGNOA, SOUS-PREFECTURE;129;36390;10519;28.91;451;10068;159;1.58;INDEPENDANT;MOUSSA KONATE;1885;18.72;True
GOH;069;DOUGROUPALEGNOA, DOUKOUYO, GNAGBODOUGNOA ET SERIHIO, COMMUNES ET SOUS-PREFECTURES, GAGNOA, SOUS-PREFECTURE;129;36390;10519;28.91;451;10068;159;1.58;INDEPENDANT;RABE LIAGRO CHARLES;1314;13.05;False
GOH;069;DOUGROUPALEGNOA, DOUKOUYO, GNAGBODOUGNOA ET SERIHIO, COMMUNES ET SOUS-PREFECTURES, GAGNOA, SOUS-PREFECTURE;129;36390;10519;28.91;451;10068;159;1.58;INDEPENDANT;BAGNIMO DIABOU OLIVIER;47;0.47;False
GOH;069;DOUGROUPALEGNOA, DOUKOUYO, GNAGBODOUGNOA ET SERIHIO, COMMUNES ET SOUS-PREFECTURES, GAGNOA, SOUS-PREFECTURE;129;36390;10519;28.91;451;10068;159;1.58;INDEPENDANT;DAKOURY ELIE;49;0.49;False
GOH;069;DOUGROUPALEGNOA, DOUKOUYO, GNAGBODOUGNOA ET SERIHIO, COMMUNES ET SOUS-PREFECTURES, GAGNOA, SOUS-PREFECTURE;129;36390;10519;28.91;451;10068;159;1.58;INDEPENDANT;GNAGA LOSS-ROSS;62;0.62;False
GOH;069;DOUGROUPALEGNOA, DOUKOUYO, GNAGBODOUGNOA ET SERIHIO, COMMUNES ET SOUS-PREFECTURES, GAGNOA, SOUS-PREFECTURE;129;36390;10519;28.91;451;10068;159;1.58;PDCI-RDA;YAO KOUAME RENE;1607;15.96;False
GOH;069;DOUGROUPALEGNOA, DOUKOUYO, GNAGBODOUGNOA ET SERIHIO, COMMUNES ET SOUS-PREFECTURES, GAGNOA, SOUS-PREFECTURE;129;36390;10519;28.91;451;10068;159;1.58;INDEPENDANT;YAZI IKPO JEAN ARNAUD;59;0.59;False
GOH;069;DOUGROUPALEGNOA, DOUKOUYO, GNAGBODOUGNOA ET SERIHIO, COMMUNES ET SOUS-PREFECTURES, GAGNOA, SOUS-PREFECTURE;129;36390;10519;28.91;451;10068;159;1.58;INDEPENDANT;GNADJA DOGBA-RICHARD;721;7.16;False
GOH;069;DOUGROUPALEGNOA, DOUKOUYO, GNAGBODOUGNOA ET SERIHIO, COMMUNES ET SOUS-PREFECTURES, GAGNOA, SOUS-PREFECTURE;129;36390;10519;28.91;451;10068;159;1.58;RHDP;DJEDJEGNE YRIDJE DIGBEU YVETTE EPOUSE SEA;1645;16.34;False
GOH;069;DOUGROUPALEGNOA, DOUKOUYO, GNAGBODOUGNOA ET SERIHIO, COMMUNES ET SOUS-PREFECTURES, GAGNOA, SOUS-PREFECTURE;129;36390;10519;28.91;451;10068;159;1.58;INDEPENDANT;BLE ZOKOU;274;2.72;False
GOH;069;DOUGROUPALEGNOA, DOUKOUYO, GNAGBODOUGNOA ET SERIHIO, COMMUNES ET SOUS-PREFECTURES, GAGNOA, SOUS-PREFECTURE;129;36390;10519;28.91;451;10068;159;1.58;INDEPENDANT;KOFFI KOUAME;123;1.22;False
GOH;069;DOUGROUPALEGNOA, DOUKOUYO, GNAGBODOUGNOA ET SERIHIO, COMMUNES ET SOUS-PREFECTURES, GAGNOA, SOUS-PREFECTURE;129;36390;10519;28.91;451;10068;159;1.58;INDEPENDANT;GADJI DIDIER JEAN-FRANCOIS;20;0.2;False
GOH;070;GAGNOA, COMMUNE;210;83356;11738;14.08;292;11446;100;0.87;INDEPENDANT;"S""UNIR ET AGIR POUR GAGNOA";297;2.59;False
GOH;070;GAGNOA, COMMUNE;210;83356;11738;14.08;292;11446;100;0.87;PDCI-RDA;TOUS ENSEMBLE POUR LA CÔTE D'IVOIRE;769;6.72;False
GOH;070;GAGNOA, COMMUNE;210;83356;11738;14.08;292;11446;100;0.87;RHDP;UNE COTE D'IVOIRE EN PAIX PROSPERE ET SOLIDAIRE;9405;82.17;True
GOH;070;GAGNOA, COMMUNE;210;83356;11738;14.08;292;11446;100;0.87;MDR;MOUVEMENT DEMOCRATIQUE POUR LE RENOUVEAU;542;4.74;False
GOH;070;GAGNOA, COMMUNE;210;83356;11738;14.08;292;11446;100;0.87;ADCI;AUJOURDHUI ET DEMAIN LA CÔTE DIVOIRE;333;2.91;False
GOH;071;DIEGONEFLA ET TONLA, COMMUNES ET SOUS-PREFECTURES;101;31994;10995;34.37;265;10730;95;0.89;INDEPENDANT;ZEGOUA ADIA SAINT DOMINIQUE ISRAEL;1162;10.83;False
GOH;071;DIEGONEFLA ET TONLA, COMMUNES ET SOUS-PREFECTURES;101;31994;10995;34.37;265;10730;95;0.89;PDCI-RDA;BAGROU GOLI;5210;48.56;True
GOH;071;DIEGONEFLA ET TONLA, COMMUNES ET SOUS-PREFECTURES;101;31994;10995;34.37;265;10730;95;0.89;MGC;KOBOU DECKY JEAN CLAUDE;137;1.28;False
GOH;071;DIEGONEFLA ET TONLA, COMMUNES ET SOUS-PREFECTURES;101;31994;10995;34.37;265;10730;95;0.89;ICON;MAYOBO OGA DADE YVES;94;0.88;False
GOH;071;DIEGONEFLA ET TONLA, COMMUNES ET SOUS-PREFECTURES;101;31994;10995;34.37;265;10730;95;0.89;INDEPENDANT;DEHI GAHI DANIEL;130;1.21;False
GOH;071;DIEGONEFLA ET TONLA, COMMUNES ET SOUS-PREFECTURES;101;31994;10995;34.37;265;10730;95;0.89;RHDP;KONAN JULIEN;3902;36.37;False
GOH;072;GUEPAHOUO ET OUME, COMMUNES ET SOUS-PREFECTURES;165;46572;11867;25.48;334;11533;95;0.82;INDEPENDANT;KONATE ZANGA;14;0.12;False
GOH;072;GUEPAHOUO ET OUME, COMMUNES ET SOUS-PREFECTURES;165;46572;11867;25.48;334;11533;95;0.82;INDEPENDANT;ALLAH KOUADIO ERIC SAINT-CLAIR;963;8.35;False
GOH;072;GUEPAHOUO ET OUME, COMMUNES ET SOUS-PREFECTURES;165;46572;11867;25.48;334;11533;95;0.82;INDEPENDANT;BANA DONZO JEAN PROSPER;124;1.08;False
GOH;072;GUEPAHOUO ET OUME, COMMUNES ET SOUS-PREFECTURES;165;46572;11867;25.48;334;11533;95;0.82;PDCI-RDA;LAGUI KOUASSI JOACHIM;3810;33.04;False
GOH;072;GUEPAHOUO ET OUME, COMMUNES ET SOUS-PREFECTURES;165;46572;11867;25.48;334;11533;95;0.82;MGC;TRAH N'GORAN YOLANDE AIMEE EPOUSE KOFFI;137;1.19;False
GOH;072;GUEPAHOUO ET OUME, COMMUNES ET SOUS-PREFECTURES;165;46572;11867;25.48;334;11533;95;0.82;INDEPENDANT;DOUEZAN LOU TCHANWELE PHILOMENE EPSE DADOU;35;0.3;False
GOH;072;GUEPAHOUO ET OUME, COMMUNES ET SOUS-PREFECTURES;165;46572;11867;25.48;334;11533;95;0.82;RHDP;KOUASSI DJA FLORE;5788;50.19;True
GOH;072;GUEPAHOUO ET OUME, COMMUNES ET SOUS-PREFECTURES;165;46572;11867;25.48;334;11533;95;0.82;INDEPENDANT;WOYO BE NADEGE;171;1.48;False
GOH;072;GUEPAHOUO ET OUME, COMMUNES ET SOUS-PREFECTURES;165;46572;11867;25.48;334;11533;95;0.82;INDEPENDANT;NDRI YAO MATHIEU;396;3.43;False
GOH;073;APPIMANDOUM, BONDOUKOU ET PINDA-BOROKO, COMMUNES ET SOUS-PREFECTURES;155;52876;17219;32.56;394;16825;212;1.26;RHDP;UNE CÔTE D'IVOIRE EN PAIX, PROSPERE ET SOLIDAIRE;14746;87.64;True
GOH;073;APPIMANDOUM, BONDOUKOU ET PINDA-BOROKO, COMMUNES ET SOUS-PREFECTURES;155;52876;17219;32.56;394;16825;212;1.26;PDCI-RDA;TOUS ENSEMBLE POUR LA CÔTE D'IVOIRE;1161;6.9;False
GOH;073;APPIMANDOUM, BONDOUKOU ET PINDA-BOROKO, COMMUNES ET SOUS-PREFECTURES;155;52876;17219;32.56;394;16825;212;1.26;INDEPENDANT;BONDOUKOU EN MARCHE;706;4.2;False
GOH;074;BONDO, LAOUDI-BA, SAPLI-SEPINGO, TAOUDI ET YEZIMALA, COMMUNES ET SOUS-PREFECTURES;122;35843;18753;52.32;403;18350;339;1.85;INDEPENDANT;ELITES DE LA RELEVE;255;1.39;False
GOH;074;BONDO, LAOUDI-BA, SAPLI-SEPINGO, TAOUDI ET YEZIMALA, COMMUNES ET SOUS-PREFECTURES;122;35843;18753;52.32;403;18350;339;1.85;INDEPENDANT;UN JOUR, IL FERA JOUR;5262;28.68;False
GOH;074;BONDO, LAOUDI-BA, SAPLI-SEPINGO, TAOUDI ET YEZIMALA, COMMUNES ET SOUS-PREFECTURES;122;35843;18753;52.32;403;18350;339;1.85;PDCI-RDA;TOUS ENSEMBLE POUR LA CÔTE D'IVOIRE;888;4.84;False
GOH;074;BONDO, LAOUDI-BA, SAPLI-SEPINGO, TAOUDI ET YEZIMALA, COMMUNES ET SOUS-PREFECTURES;122;35843;18753;52.32;403;18350;339;1.85;INDEPENDANT;LE PARLEMENT AUX PARLEMENTAIRES, LES HOMMES QU'IL FAUT À LA PLACE QU'IL FAUT;934;5.09;False
GOH;074;BONDO, LAOUDI-BA, SAPLI-SEPINGO, TAOUDI ET YEZIMALA, COMMUNES ET SOUS-PREFECTURES;122;35843;18753;52.32;403;18350;339;1.85;INDEPENDANT;CONCORDE POUR LE RENOUVEAU DU GONTOUGO;3641;19.84;False
GOH;074;BONDO, LAOUDI-BA, SAPLI-SEPINGO, TAOUDI ET YEZIMALA, COMMUNES ET SOUS-PREFECTURES;122;35843;18753;52.32;403;18350;339;1.85;RHDP;UNE COTE D'IVOIRE EN PAIX ,PROSPERE ET SOLIDAIRE;7031;38.32;True
GOH;075;GOUMERE ET TABAGNE, COMMUNES ET SOUS-PREFECTURES;63;17425;9493;54.48;376;9117;124;1.36;FPI;N'GUETTIA YAO KOUMAN;57;0.63;False
GOH;075;GOUMERE ET TABAGNE, COMMUNES ET SOUS-PREFECTURES;63;17425;9493;54.48;376;9117;124;1.36;PDCI-RDA;SAWIRI YAO YEBOUA;1678;18.41;False
GOH;075;GOUMERE ET TABAGNE, COMMUNES ET SOUS-PREFECTURES;63;17425;9493;54.48;376;9117;124;1.36;INDEPENDANT;OUATTARA ABOU;1725;18.92;False
GOH;075;GOUMERE ET TABAGNE, COMMUNES ET SOUS-PREFECTURES;63;17425;9493;54.48;376;9117;124;1.36;P.B.J.V;KOSSONOU KOUADIO HENRI QUATORZE;219;2.4;False
GOH;075;GOUMERE ET TABAGNE, COMMUNES ET SOUS-PREFECTURES;63;17425;9493;54.48;376;9117;124;1.36;INDEPENDANT;DIABAGATE YEBOUA ADAMAN;1961;21.51;False
GOH;075;GOUMERE ET TABAGNE, COMMUNES ET SOUS-PREFECTURES;63;17425;9493;54.48;376;9117;124;1.36;INDEPENDANT;COULIBALY NANGA ISMAEL;212;2.33;False
GOH;075;GOUMERE ET TABAGNE, COMMUNES ET SOUS-PREFECTURES;63;17425;9493;54.48;376;9117;124;1.36;INDEPENDANT;YEBOUA KOUAKOU KOUMAN BENOIT;19;0.21;False
GOH;075;GOUMERE ET TABAGNE, COMMUNES ET SOUS-PREFECTURES;63;17425;9493;54.48;376;9117;124;1.36;RHDP;DIABAGATE MOUSSA;3122;34.24;True
GOH;076;SOROBANGO ET TAGADI, COMMUNES ET SOUS-PREFECTURES;52;16336;9847;60.28;162;9685;117;1.21;PDCI-RDA;HIEN SIE GEORGES BENEDICT;120;1.24;False
GOH;076;SOROBANGO ET TAGADI, COMMUNES ET SOUS-PREFECTURES;52;16336;9847;60.28;162;9685;117;1.21;INDEPENDANT;KRA KOBENAN LAZARE;2953;30.49;False
GOH;076;SOROBANGO ET TAGADI, COMMUNES ET SOUS-PREFECTURES;52;16336;9847;60.28;162;9685;117;1.21;INDEPENDANT;KOUAME YAO KOUMAN;257;2.65;False
GOH;076;SOROBANGO ET TAGADI, COMMUNES ET SOUS-PREFECTURES;52;16336;9847;60.28;162;9685;117;1.21;INDEPENDANT;BIFFITE HOLLO DAH;232;2.4;False
GOH;076;SOROBANGO ET TAGADI, COMMUNES ET SOUS-PREFECTURES;52;16336;9847;60.28;162;9685;117;1.21;INDEPENDANT;SOULEYMANE OUATTARA;2883;29.77;False
GOH;076;SOROBANGO ET TAGADI, COMMUNES ET SOUS-PREFECTURES;52;16336;9847;60.28;162;9685;117;1.21;RHDP;KOUASSI KOFFI KRA PAULIN;3123;32.25;True
GOH;077;BOAHIA ET KOUASSI-DATEKRO, COMMUNES ET SOUS-PREFECTURES;52;13065;7563;57.89;195;7368;78;1.06;INDEPENDANT;YAO KOUASSI ALI;262;3.56;False
GOH;077;BOAHIA ET KOUASSI-DATEKRO, COMMUNES ET SOUS-PREFECTURES;52;13065;7563;57.89;195;7368;78;1.06;INDEPENDANT;EBA YAO HAROUNA;1862;25.27;False
GOH;077;BOAHIA ET KOUASSI-DATEKRO, COMMUNES ET SOUS-PREFECTURES;52;13065;7563;57.89;195;7368;78;1.06;PDCI-RDA;KOFFI TEHUA;188;2.55;False
GOH;077;BOAHIA ET KOUASSI-DATEKRO, COMMUNES ET SOUS-PREFECTURES;52;13065;7563;57.89;195;7368;78;1.06;UNPR;MOUTAYE AZOUMANA;2571;34.89;True
GOH;077;BOAHIA ET KOUASSI-DATEKRO, COMMUNES ET SOUS-PREFECTURES;52;13065;7563;57.89;195;7368;78;1.06;RHDP;SONAN JEAN-FRANCOIS DONALD;2407;32.67;False
GONTOUGO;078;KOKOMIAN, TANKESSE ET TIENKOIKRO, COMMUNES ET SOUS-PREFECTURES;67;19298;8991;46.59;505;8486;72;0.85;INDEPENDANT;AHIMOU YAO;141;1.66;False
GONTOUGO;078;KOKOMIAN, TANKESSE ET TIENKOIKRO, COMMUNES ET SOUS-PREFECTURES;67;19298;8991;46.59;505;8486;72;0.85;INDEPENDANT;CISSE MOHAMED;223;2.63;False
GONTOUGO;078;KOKOMIAN, TANKESSE ET TIENKOIKRO, COMMUNES ET SOUS-PREFECTURES;67;19298;8991;46.59;505;8486;72;0.85;PDCI-RDA;KOUASSI BREDOUMY SOUMAILA TRAORE;2578;30.38;True
GONTOUGO;078;KOKOMIAN, TANKESSE ET TIENKOIKRO, COMMUNES ET SOUS-PREFECTURES;67;19298;8991;46.59;505;8486;72;0.85;INDEPENDANT;YAO SOUMAILA;880;10.37;False
GONTOUGO;078;KOKOMIAN, TANKESSE ET TIENKOIKRO, COMMUNES ET SOUS-PREFECTURES;67;19298;8991;46.59;505;8486;72;0.85;RHDP;KOUAKOU BOKO ANTOINE;1394;16.43;False
GONTOUGO;078;KOKOMIAN, TANKESSE ET TIENKOIKRO, COMMUNES ET SOUS-PREFECTURES;67;19298;8991;46.59;505;8486;72;0.85;INDEPENDANT;KOFFI KRA SERGE-PACOME;986;11.62;False
GONTOUGO;078;KOKOMIAN, TANKESSE ET TIENKOIKRO, COMMUNES ET SOUS-PREFECTURES;67;19298;8991;46.59;505;8486;72;0.85;INDEPENDANT;KOFFI STEPHANE NANAN ATHESSY;1156;13.62;False
GONTOUGO;078;KOKOMIAN, TANKESSE ET TIENKOIKRO, COMMUNES ET SOUS-PREFECTURES;67;19298;8991;46.59;505;8486;72;0.85;INDEPENDANT;SEYAN KAMATE ISSOUF;692;8.15;False
GONTOUGO;078;KOKOMIAN, TANKESSE ET TIENKOIKRO, COMMUNES ET SOUS-PREFECTURES;67;19298;8991;46.59;505;8486;72;0.85;REEL.CI;KOUADIO KOUABENA WILFRIED DELAFOSSE;334;3.94;False
GONTOUGO;078;KOKOMIAN, TANKESSE ET TIENKOIKRO, COMMUNES ET SOUS-PREFECTURES;67;19298;8991;46.59;505;8486;72;0.85;INDEPENDANT;KOFFI GBALAZOU OLIVIER;30;0.35;False
GONTOUGO;079;KOUN-FAO, COMMUNE ET SOUS-PREFECTURE;47;15315;7579;49.49;218;7361;45;0.61;INDEPENDANT;OUATTARA AZOUMANAN;2121;28.81;False
GONTOUGO;079;KOUN-FAO, COMMUNE ET SOUS-PREFECTURE;47;15315;7579;49.49;218;7361;45;0.61;INDEPENDANT;BENIE KOUAKOU ADAYE GERARD;428;5.81;False
GONTOUGO;079;KOUN-FAO, COMMUNE ET SOUS-PREFECTURE;47;15315;7579;49.49;218;7361;45;0.61;INDEPENDANT;KOFFI KOUADIO SERAPHIN;89;1.21;False
GONTOUGO;079;KOUN-FAO, COMMUNE ET SOUS-PREFECTURE;47;15315;7579;49.49;218;7361;45;0.61;PDCI-RDA;OULAYES YAO KPOULALE FRANCOIS;2408;32.71;True
GONTOUGO;079;KOUN-FAO, COMMUNE ET SOUS-PREFECTURE;47;15315;7579;49.49;218;7361;45;0.61;RHDP;KOUAKOU KOUASSI JEAN-MARIE;2270;30.84;False
GONTOUGO;080;BANDAKAGNI-TOMORA, DIMANDOUGOU, SANDEGUE ET YOROBODI, COMMUNES ET SOUS-PREFECTURES;63;19968;10862;54.4;37;10825;82;0.76;INDEPENDANT;KAMAGATE YAHASSINAN;3812;35.21;False
GONTOUGO;080;BANDAKAGNI-TOMORA, DIMANDOUGOU, SANDEGUE ET YOROBODI, COMMUNES ET SOUS-PREFECTURES;63;19968;10862;54.4;37;10825;82;0.76;CODE;OUATTARA LASSINA;67;0.62;False
GONTOUGO;080;BANDAKAGNI-TOMORA, DIMANDOUGOU, SANDEGUE ET YOROBODI, COMMUNES ET SOUS-PREFECTURES;63;19968;10862;54.4;37;10825;82;0.76;RHDP;OUATTARA ABOUBAKAR;6864;63.41;True
GONTOUGO;081;AMANVI, DIAMBA, TANDA ET TCHEDIO, COMMUNES ET SOUS-PREFECTURES;141;39059;21861;55.97;501;21360;117;0.55;INDEPENDANT;FIENI KOFFI KEVIN;2131;9.98;False
GONTOUGO;081;AMANVI, DIAMBA, TANDA ET TCHEDIO, COMMUNES ET SOUS-PREFECTURES;141;39059;21861;55.97;501;21360;117;0.55;INDEPENDANT;BOBLAI DOUASSOH JOSINANE ISABELLE;2483;11.62;False
GONTOUGO;081;AMANVI, DIAMBA, TANDA ET TCHEDIO, COMMUNES ET SOUS-PREFECTURES;141;39059;21861;55.97;501;21360;117;0.55;ADCI;TEYA YAO BILLY CURTIS;258;1.21;False
GONTOUGO;081;AMANVI, DIAMBA, TANDA ET TCHEDIO, COMMUNES ET SOUS-PREFECTURES;141;39059;21861;55.97;501;21360;117;0.55;PDCI-RDA;SERGE YVON VREMEN;754;3.53;False
GONTOUGO;081;AMANVI, DIAMBA, TANDA ET TCHEDIO, COMMUNES ET SOUS-PREFECTURES;141;39059;21861;55.97;501;21360;117;0.55;RHDP;KOBENAN KOUASSI ADJOUMANI;15617;73.11;True
GONTOUGO;082;ASSUEFRY, KOUASSIA-NIAGUINI ET TRANSUA, COMMUNES ET SOUS-PREFECTURES;102;30356;15766;51.94;305;15461;118;0.76;INDEPENDANT;TANO KOUABENAN ISAAC;6574;42.52;False
GONTOUGO;082;ASSUEFRY, KOUASSIA-NIAGUINI ET TRANSUA, COMMUNES ET SOUS-PREFECTURES;102;30356;15766;51.94;305;15461;118;0.76;INDEPENDANT;OUATTARA ASSANAN;58;0.38;False
GONTOUGO;082;ASSUEFRY, KOUASSIA-NIAGUINI ET TRANSUA, COMMUNES ET SOUS-PREFECTURES;102;30356;15766;51.94;305;15461;118;0.76;INDEPENDANT;BINI KOBENAN SERGE;148;0.96;False
GONTOUGO;082;ASSUEFRY, KOUASSIA-NIAGUINI ET TRANSUA, COMMUNES ET SOUS-PREFECTURES;102;30356;15766;51.94;305;15461;118;0.76;PDCI-RDA;KOBENA KOSSONOU PAUL;388;2.51;False
GONTOUGO;082;ASSUEFRY, KOUASSIA-NIAGUINI ET TRANSUA, COMMUNES ET SOUS-PREFECTURES;102;30356;15766;51.94;305;15461;118;0.76;RHDP;YOBOUA KOUABENAN CEVERIN;8175;52.87;True
GRANDS PONTS;083;DABOU, LOPOU ET TOUPAH, COMMUNES ET SOUS-PREFECTURES;226;82680;18971;22.95;401;18570;170;0.92;RHDP;UNE CÔTE D'IVOIRE EN PAIX PROSPERE ET SOLIDAIRE;13219;71.18;True
GRANDS PONTS;083;DABOU, LOPOU ET TOUPAH, COMMUNES ET SOUS-PREFECTURES;226;82680;18971;22.95;401;18570;170;0.92;MGC;POUR LA NATION;992;5.34;False
GRANDS PONTS;083;DABOU, LOPOU ET TOUPAH, COMMUNES ET SOUS-PREFECTURES;226;82680;18971;22.95;401;18570;170;0.92;PDCI-RDA;TOUS UNIS POUR LA CÔTE DIVOIRE;4189;22.56;False
GRANDS PONTS;084;AHOUANOU, BACANDA, EBONOU, GRAND-LAHOU ET TOUKOUZOU, COMMUNES ET SOUS-PREFECTURES;145;39303;11713;29.8;289;11424;91;0.8;INDEPENDANT;KAKOU DIDIER PAUL AKA;45;0.39;False
GRANDS PONTS;084;AHOUANOU, BACANDA, EBONOU, GRAND-LAHOU ET TOUKOUZOU, COMMUNES ET SOUS-PREFECTURES;145;39303;11713;29.8;289;11424;91;0.8;INDEPENDANT;KOUASSI ANDRE;1478;12.94;False
GRANDS PONTS;084;AHOUANOU, BACANDA, EBONOU, GRAND-LAHOU ET TOUKOUZOU, COMMUNES ET SOUS-PREFECTURES;145;39303;11713;29.8;289;11424;91;0.8;INDEPENDANT;AMIE LEBA YOLANDE EPOUSE ADO;1001;8.76;False
GRANDS PONTS;084;AHOUANOU, BACANDA, EBONOU, GRAND-LAHOU ET TOUKOUZOU, COMMUNES ET SOUS-PREFECTURES;145;39303;11713;29.8;289;11424;91;0.8;RHDP;YAO N'GUESSAN ALFRED;4567;39.98;True
GRANDS PONTS;084;AHOUANOU, BACANDA, EBONOU, GRAND-LAHOU ET TOUKOUZOU, COMMUNES ET SOUS-PREFECTURES;145;39303;11713;29.8;289;11424;91;0.8;INDEPENDANT;KOUASSI ERHARD LUC;191;1.67;False
GRANDS PONTS;084;AHOUANOU, BACANDA, EBONOU, GRAND-LAHOU ET TOUKOUZOU, COMMUNES ET SOUS-PREFECTURES;145;39303;11713;29.8;289;11424;91;0.8;PDCI-RDA;YOBOUE MARIE LAURE;4051;35.46;False
GRANDS PONTS;085;ATOUTOU ET JACQUEVILLE, COMMUNES ET SOUS-PREFECTURES;86;28167;8826;31.33;192;8634;70;0.81;INDEPENDANT;ODA EDOUARD;1972;22.84;False
GRANDS PONTS;085;ATOUTOU ET JACQUEVILLE, COMMUNES ET SOUS-PREFECTURES;86;28167;8826;31.33;192;8634;70;0.81;RHDP;AMON-TANOH BENOIT MARCEL;4630;53.63;True
GRANDS PONTS;085;ATOUTOU ET JACQUEVILLE, COMMUNES ET SOUS-PREFECTURES;86;28167;8826;31.33;192;8634;70;0.81;INDEPENDANT;ADJOUSSOU GUY-PEINE;23;0.27;False
GRANDS PONTS;085;ATOUTOU ET JACQUEVILLE, COMMUNES ET SOUS-PREFECTURES;86;28167;8826;31.33;192;8634;70;0.81;ADCI;GAHI GAHI INNOCENT;119;1.38;False
GRANDS PONTS;085;ATOUTOU ET JACQUEVILLE, COMMUNES ET SOUS-PREFECTURES;86;28167;8826;31.33;192;8634;70;0.81;INDEPENDANT;GNANDUILLET ARSENE LUCAIN;180;2.08;False
GRANDS PONTS;085;ATOUTOU ET JACQUEVILLE, COMMUNES ET SOUS-PREFECTURES;86;28167;8826;31.33;192;8634;70;0.81;FPI;N'GUESSAN DJIPRO GNANAGAHON VERONIQUE;285;3.3;False
GRANDS PONTS;085;ATOUTOU ET JACQUEVILLE, COMMUNES ET SOUS-PREFECTURES;86;28167;8826;31.33;192;8634;70;0.81;PDCI-RDA;KOUASSI EPSE AKA-ADJO MARIE-ANGE GEORGETTE AYA-BONI;1355;15.69;False
GUEMON;086;BANGOLO, GOHOUO-ZAGNA, KAHIN-ZARABAON ET ZOU, COMMUNES ET SOUS-PREFECTURES;114;38004;13853;36.45;257;13596;152;1.12;INDEPENDANT;TAH GLAO AGUILAS;586;4.31;False
GUEMON;086;BANGOLO, GOHOUO-ZAGNA, KAHIN-ZARABAON ET ZOU, COMMUNES ET SOUS-PREFECTURES;114;38004;13853;36.45;257;13596;152;1.12;PDCI-RDA;LEDIEHI KEMONDE CHRISTOPHE;505;3.71;False
GUEMON;086;BANGOLO, GOHOUO-ZAGNA, KAHIN-ZARABAON ET ZOU, COMMUNES ET SOUS-PREFECTURES;114;38004;13853;36.45;257;13596;152;1.12;INDEPENDANT;BAKO JEAN PONDERE NESTOR;556;4.09;False
GUEMON;086;BANGOLO, GOHOUO-ZAGNA, KAHIN-ZARABAON ET ZOU, COMMUNES ET SOUS-PREFECTURES;114;38004;13853;36.45;257;13596;152;1.12;INDEPENDANT;TAILLY THIERRY HERMANE;3315;24.38;False
GUEMON;086;BANGOLO, GOHOUO-ZAGNA, KAHIN-ZARABAON ET ZOU, COMMUNES ET SOUS-PREFECTURES;114;38004;13853;36.45;257;13596;152;1.12;INDEPENDANT;DIET DAZAMIN ANGE LAURE;939;6.91;False
GUEMON;086;BANGOLO, GOHOUO-ZAGNA, KAHIN-ZARABAON ET ZOU, COMMUNES ET SOUS-PREFECTURES;114;38004;13853;36.45;257;13596;152;1.12;INDEPENDANT;DOUAROU ZOH ANDREE JOSELYNE;273;2.01;False
GUEMON;086;BANGOLO, GOHOUO-ZAGNA, KAHIN-ZARABAON ET ZOU, COMMUNES ET SOUS-PREFECTURES;114;38004;13853;36.45;257;13596;152;1.12;APR.CI;DJEHI MONHYA HYPPOLITE;214;1.57;False
GUEMON;086;BANGOLO, GOHOUO-ZAGNA, KAHIN-ZARABAON ET ZOU, COMMUNES ET SOUS-PREFECTURES;114;38004;13853;36.45;257;13596;152;1.12;RHDP;SEREY DOH CELESTIN;6394;47.03;True
GUEMON;086;BANGOLO, GOHOUO-ZAGNA, KAHIN-ZARABAON ET ZOU, COMMUNES ET SOUS-PREFECTURES;114;38004;13853;36.45;257;13596;152;1.12;INDEPENDANT;FOUEMON NEMET DESCANE WILFRIED;662;4.87;False
GUEMON;087;BEOUE-ZIBIAO, BLENIMEOUIN, DIEOUZON, GUINGLO-TAHOUAKE ET ZEO, COMMUNES ET SOUS-PREFECTURES;84;24148;9809;40.62;357;9452;198;2.09;INDEPENDANT;TAE SYLVAIN;190;2.01;False
GUEMON;087;BEOUE-ZIBIAO, BLENIMEOUIN, DIEOUZON, GUINGLO-TAHOUAKE ET ZEO, COMMUNES ET SOUS-PREFECTURES;84;24148;9809;40.62;357;9452;198;2.09;INDEPENDANT;TAILLY JEAN CHARLES FELIX LAMBERT;390;4.13;False
GUEMON;087;BEOUE-ZIBIAO, BLENIMEOUIN, DIEOUZON, GUINGLO-TAHOUAKE ET ZEO, COMMUNES ET SOUS-PREFECTURES;84;24148;9809;40.62;357;9452;198;2.09;INDEPENDANT;GUIHIN DIOUFO NOMASSO;461;4.88;False
GUEMON;087;BEOUE-ZIBIAO, BLENIMEOUIN, DIEOUZON, GUINGLO-TAHOUAKE ET ZEO, COMMUNES ET SOUS-PREFECTURES;84;24148;9809;40.62;357;9452;198;2.09;PDCI-RDA;DOHO ZONSELOUE SIMON;2414;25.54;False
GUEMON;087;BEOUE-ZIBIAO, BLENIMEOUIN, DIEOUZON, GUINGLO-TAHOUAKE ET ZEO, COMMUNES ET SOUS-PREFECTURES;84;24148;9809;40.62;357;9452;198;2.09;INDEPENDANT;MARCEL TABA;2341;24.77;False
GUEMON;087;BEOUE-ZIBIAO, BLENIMEOUIN, DIEOUZON, GUINGLO-TAHOUAKE ET ZEO, COMMUNES ET SOUS-PREFECTURES;84;24148;9809;40.62;357;9452;198;2.09;INDEPENDANT;GUELADE DOUE GHISLAIN STANISLAS;756;8.0;False
GUEMON;087;BEOUE-ZIBIAO, BLENIMEOUIN, DIEOUZON, GUINGLO-TAHOUAKE ET ZEO, COMMUNES ET SOUS-PREFECTURES;84;24148;9809;40.62;357;9452;198;2.09;RHDP;BOHOUO DEHOUROU MATHURIN;2702;28.59;True
GUEMON;088;BAGOHOUO, GBAPLEU ET GUEZON, COMMUNES ET SOUS-PREFECTURES;84;26419;11837;44.8;202;11635;228;1.96;INDEPENDANT;THE MANDE STEPHANE;156;1.34;False
GUEMON;088;BAGOHOUO, GBAPLEU ET GUEZON, COMMUNES ET SOUS-PREFECTURES;84;26419;11837;44.8;202;11635;228;1.96;PDCI-RDA;GUI-DIBO DESIRE MAGLOIRE GNOMBLEHI;1183;10.17;False
GUEMON;088;BAGOHOUO, GBAPLEU ET GUEZON, COMMUNES ET SOUS-PREFECTURES;84;26419;11837;44.8;202;11635;228;1.96;RHDP;DOUMBIA IBRAHIMA;8300;71.34;True
GUEMON;088;BAGOHOUO, GBAPLEU ET GUEZON, COMMUNES ET SOUS-PREFECTURES;84;26419;11837;44.8;202;11635;228;1.96;INDEPENDANT;KONE BAKARY;1490;12.81;False
GUEMON;088;BAGOHOUO, GBAPLEU ET GUEZON, COMMUNES ET SOUS-PREFECTURES;84;26419;11837;44.8;202;11635;228;1.96;INDEPENDANT;MOUHON BOZON ELVIS DESTY;214;1.84;False
GUEMON;088;BAGOHOUO, GBAPLEU ET GUEZON, COMMUNES ET SOUS-PREFECTURES;84;26419;11837;44.8;202;11635;228;1.96;CODE;YOMI KAPEU;64;0.55;False
GUEMON;089;DUEKOUE, COMMUNE;135;51242;12507;24.41;218;12289;127;1.03;INDEPENDANT;TAE AUBIN;45;0.37;False
GUEMON;089;DUEKOUE, COMMUNE;135;51242;12507;24.41;218;12289;127;1.03;MGC;KAHAN ANGELINE;122;0.99;False
GUEMON;089;DUEKOUE, COMMUNE;135;51242;12507;24.41;218;12289;127;1.03;INDEPENDANT;GNONBLESSON PIERRE QUINTUS;23;0.19;False
GUEMON;089;DUEKOUE, COMMUNE;135;51242;12507;24.41;218;12289;127;1.03;PDCI-RDA;SOMDA FOVIN GEORGETTE EPOUSE GIELEN;3404;27.7;False
GUEMON;089;DUEKOUE, COMMUNE;135;51242;12507;24.41;218;12289;127;1.03;INDEPENDANT;GNAHE GOUSSE FRANCK;135;1.1;False
GUEMON;089;DUEKOUE, COMMUNE;135;51242;12507;24.41;218;12289;127;1.03;INDEPENDANT;TEHE FLORE BENEDICTE;50;0.41;False
GUEMON;089;DUEKOUE, COMMUNE;135;51242;12507;24.41;218;12289;127;1.03;INDEPENDANT;TOURE YACOUBA;654;5.32;False
GUEMON;089;DUEKOUE, COMMUNE;135;51242;12507;24.41;218;12289;127;1.03;ADCI;GNENE BASILE;226;1.84;False
GUEMON;089;DUEKOUE, COMMUNE;135;51242;12507;24.41;218;12289;127;1.03;AIRD;KAHE KPLOHOUROU ERIC VICTOR;566;4.61;False
GUEMON;089;DUEKOUE, COMMUNE;135;51242;12507;24.41;218;12289;127;1.03;RHDP;TOURE FLANIZARA;5608;45.63;True
GUEMON;089;DUEKOUE, COMMUNE;135;51242;12507;24.41;218;12289;127;1.03;FPI;TEHY MONSETEMON BASILE;1329;10.81;False
GUEMON;090;DUEKOUE, SOUS-PREFECTURE ET GUEHIEBLY, COMMUNES ET SOUS-PREFECTURE;48;15092;6652;44.08;180;6472;117;1.81;PDCI-RDA;THE JASMIN ROGER;832;12.86;False
GUEMON;090;DUEKOUE, SOUS-PREFECTURE ET GUEHIEBLY, COMMUNES ET SOUS-PREFECTURE;48;15092;6652;44.08;180;6472;117;1.81;RHDP;OULLA GUELADET EPHREM PRIVAT;2709;41.86;False
GUEMON;090;DUEKOUE, SOUS-PREFECTURE ET GUEHIEBLY, COMMUNES ET SOUS-PREFECTURE;48;15092;6652;44.08;180;6472;117;1.81;INDEPENDANT;GNONKA ANGES;2814;43.48;True
GUEMON;091;FACOBLY, GUEZON, KOUA, SEMIEN ET TIENY-SEABLY, COMMUNES ET SOUS-PREFECTURES;86;25531;8572;33.57;189;8383;111;1.32;INDEPENDANT;TIE FELICIEN SERGE-ALAIN;223;2.66;False
GUEMON;091;FACOBLY, GUEZON, KOUA, SEMIEN ET TIENY-SEABLY, COMMUNES ET SOUS-PREFECTURES;86;25531;8572;33.57;189;8383;111;1.32;INDEPENDANT;BLEKAHI PHILIPPE;518;6.18;False
GUEMON;091;FACOBLY, GUEZON, KOUA, SEMIEN ET TIENY-SEABLY, COMMUNES ET SOUS-PREFECTURES;86;25531;8572;33.57;189;8383;111;1.32;ADCI;KINDRAUD MIANTE ALIDA VERONIQUE;347;4.14;False
GUEMON;091;FACOBLY, GUEZON, KOUA, SEMIEN ET TIENY-SEABLY, COMMUNES ET SOUS-PREFECTURES;86;25531;8572;33.57;189;8383;111;1.32;INDEPENDANT;MEAMBLY TIE EVARISTE EDOUARD;2551;30.43;False
GUEMON;091;FACOBLY, GUEZON, KOUA, SEMIEN ET TIENY-SEABLY, COMMUNES ET SOUS-PREFECTURES;86;25531;8572;33.57;189;8383;111;1.32;INDEPENDANT;TROH KELASSON ADELPHE;817;9.75;False
GUEMON;091;FACOBLY, GUEZON, KOUA, SEMIEN ET TIENY-SEABLY, COMMUNES ET SOUS-PREFECTURES;86;25531;8572;33.57;189;8383;111;1.32;INDEPENDANT;TIEPOHO DOHANEMON ALAIN;408;4.87;False
GUEMON;091;FACOBLY, GUEZON, KOUA, SEMIEN ET TIENY-SEABLY, COMMUNES ET SOUS-PREFECTURES;86;25531;8572;33.57;189;8383;111;1.32;INDEPENDANT;SEHI GUEHI PATRICK;375;4.47;False
GUEMON;091;FACOBLY, GUEZON, KOUA, SEMIEN ET TIENY-SEABLY, COMMUNES ET SOUS-PREFECTURES;86;25531;8572;33.57;189;8383;111;1.32;RHDP;SEA JEAN HONORE;3033;36.18;True
GUEMON;092;KOUIBLY, NIDROU, OUYABLY-GNONDROU ET TOTRODROU, COMMUNES ET SOUS-PREFECTURES;94;30990;10715;34.58;550;10165;117;1.15;PPSD;TIEHI EMMANUEL;492;4.84;False
GUEMON;092;KOUIBLY, NIDROU, OUYABLY-GNONDROU ET TOTRODROU, COMMUNES ET SOUS-PREFECTURES;94;30990;10715;34.58;550;10165;117;1.15;EDS;YOUTE WONSEBEO INNOCENT;1977;19.45;False
GUEMON;092;KOUIBLY, NIDROU, OUYABLY-GNONDROU ET TOTRODROU, COMMUNES ET SOUS-PREFECTURES;94;30990;10715;34.58;550;10165;117;1.15;MGC;KPEYA MONHESSEA;380;3.74;False
GUEMON;092;KOUIBLY, NIDROU, OUYABLY-GNONDROU ET TOTRODROU, COMMUNES ET SOUS-PREFECTURES;94;30990;10715;34.58;550;10165;117;1.15;INDEPENDANT;WOMBLEGNON EPSE LEMMENS JULIE;1402;13.79;False
GUEMON;092;KOUIBLY, NIDROU, OUYABLY-GNONDROU ET TOTRODROU, COMMUNES ET SOUS-PREFECTURES;94;30990;10715;34.58;550;10165;117;1.15;INDEPENDANT;BEAT-SEKI SEANDJE ANGE;1488;14.64;False
GUEMON;092;KOUIBLY, NIDROU, OUYABLY-GNONDROU ET TOTRODROU, COMMUNES ET SOUS-PREFECTURES;94;30990;10715;34.58;550;10165;117;1.15;ACI;BAH FERDINAND;193;1.9;False
GUEMON;092;KOUIBLY, NIDROU, OUYABLY-GNONDROU ET TOTRODROU, COMMUNES ET SOUS-PREFECTURES;94;30990;10715;34.58;550;10165;117;1.15;RHDP;TAHOU THIERRY;3858;37.95;True
GUEMON;092;KOUIBLY, NIDROU, OUYABLY-GNONDROU ET TOTRODROU, COMMUNES ET SOUS-PREFECTURES;94;30990;10715;34.58;550;10165;117;1.15;GP-PAIX;GBE GNIONTY ANGELESSE JACQUELIN;258;2.54;False
HAMBOL;093;BASSAWA, SATAMA-SOKORO ET SATAMA-SOKOURA, COMMUNES ET SOUS-PREFECTURES;73;19028;10798;56.75;187;10611;123;1.16;INDEPENDANT;KARIDIOULA SOULEYMANE;3946;37.19;False
HAMBOL;093;BASSAWA, SATAMA-SOKORO ET SATAMA-SOKOURA, COMMUNES ET SOUS-PREFECTURES;73;19028;10798;56.75;187;10611;123;1.16;RHDP;FOFANA BASSATIGUI;6542;61.65;True
HAMBOL;094;DABAKALA, SOKALA-SOBARA, TENDENE-BAMBARASSO ET YAOSSEDOUGOU, COMMUNES ET SOUS-PREFECTURES;108;28370;16909;59.6;253;16656;174;1.04;INDEPENDANT;COULIBALY ABOUBAKARY;3373;20.25;False
HAMBOL;094;DABAKALA, SOKALA-SOBARA, TENDENE-BAMBARASSO ET YAOSSEDOUGOU, COMMUNES ET SOUS-PREFECTURES;108;28370;16909;59.6;253;16656;174;1.04;INDEPENDANT;COULIBALY DROUGNAN MOHAMED;311;1.87;False
HAMBOL;094;DABAKALA, SOKALA-SOBARA, TENDENE-BAMBARASSO ET YAOSSEDOUGOU, COMMUNES ET SOUS-PREFECTURES;108;28370;16909;59.6;253;16656;174;1.04;RHDP;KONATE IBRAHIM KALIL;12798;76.84;True
HAMBOL;095;BONIEREDOUGOU ET FOUMBOLO, COMMUNES ET SOUS-PREFECTURES;82;22014;11652;52.93;295;11357;175;1.54;ADCI;KARIDIOULA NIEHINAPARAN;555;4.89;False
HAMBOL;095;BONIEREDOUGOU ET FOUMBOLO, COMMUNES ET SOUS-PREFECTURES;82;22014;11652;52.93;295;11357;175;1.54;INDEPENDANT;OUATTARA DOKOLIO GERARD;2475;21.79;False
HAMBOL;095;BONIEREDOUGOU ET FOUMBOLO, COMMUNES ET SOUS-PREFECTURES;82;22014;11652;52.93;295;11357;175;1.54;RHDP;COULIBALY AMADOU TIDIANE;7762;68.35;True
HAMBOL;095;BONIEREDOUGOU ET FOUMBOLO, COMMUNES ET SOUS-PREFECTURES;82;22014;11652;52.93;295;11357;175;1.54;INDEPENDANT;COULIBALY SOULEYMANE;390;3.43;False
HAMBOL;096;FRONAN, KATIOLA ET TIMBE, COMMUNES ET SOUS-PREFECTURES;128;45033;17667;39.23;396;17271;271;1.57;INDEPENDANT;TRAORE KARIME;5146;29.8;False
HAMBOL;096;FRONAN, KATIOLA ET TIMBE, COMMUNES ET SOUS-PREFECTURES;128;45033;17667;39.23;396;17271;271;1.57;RHDP;CAMARA POGABAHA THOMAS;11788;68.25;True
HAMBOL;096;FRONAN, KATIOLA ET TIMBE, COMMUNES ET SOUS-PREFECTURES;128;45033;17667;39.23;396;17271;271;1.57;AIDE;PARE KATITCHO BINTOU CATHERINE;66;0.38;False
HAMBOL;097;ARIKOKAHA, NIAKARAMANDOUGOU ET TORTIYA, COMMUNES ET SOUS-PREFECTURES;81;27757;12576;45.31;103;12473;160;1.28;INDEPENDANT;TRAORE KARIDIA;2808;22.51;False
HAMBOL;097;ARIKOKAHA, NIAKARAMANDOUGOU ET TORTIYA, COMMUNES ET SOUS-PREFECTURES;81;27757;12576;45.31;103;12473;160;1.28;RHDP;KONE CATHERINE;8915;71.47;True
HAMBOL;097;ARIKOKAHA, NIAKARAMANDOUGOU ET TORTIYA, COMMUNES ET SOUS-PREFECTURES;81;27757;12576;45.31;103;12473;160;1.28;PDCI-RDA;TOURE ISSOUF;590;4.73;False
HAMBOL;098;BADIKAHA, NIEDEKAHA ET TAFIRE, COMMUNES ET SOUS-PREFECTURES;74;23601;23389;99.1;44;23345;16;0.07;RHDP;KONE TIEMOKO MEYLIET;23329;99.93;True
HAUT-SASSANDRA;099;BEDIALA, GADOUAN ET GONATE, COMMUNES ET SOUS-PREFECTURES;147;41499;12590;30.34;457;12133;146;1.2;INDEPENDANT;ALLIANCE POUR LA DEMOCRATIE ET LE DEVELOPPEMENT;3602;29.69;False
HAUT-SASSANDRA;099;BEDIALA, GADOUAN ET GONATE, COMMUNES ET SOUS-PREFECTURES;147;41499;12590;30.34;457;12133;146;1.2;RHDP;UNE COTE DIVOIRE EN PAIX, PROSPERE ET SOLIDAIRE;5873;48.41;True
HAUT-SASSANDRA;099;BEDIALA, GADOUAN ET GONATE, COMMUNES ET SOUS-PREFECTURES;147;41499;12590;30.34;457;12133;146;1.2;PDCI-RDA;TOUS ENSEMBLE POUR LA CÔTE D'IVOIRE;2512;20.7;False
HAUT-SASSANDRA;100;DALOA, VILLE ET SOUS-PREFECTURE;358;129515;27394;21.15;401;26993;265;0.98;INDEPENDANT;PRO COTE D'IVOIRE POUR UN PARLEMENT DEFENSEUR DES POPULATIONS;412;1.53;False
HAUT-SASSANDRA;100;DALOA, VILLE ET SOUS-PREFECTURE;358;129515;27394;21.15;401;26993;265;0.98;INDEPENDANT;ENSEMBLE REALISONS;1035;3.83;False
HAUT-SASSANDRA;100;DALOA, VILLE ET SOUS-PREFECTURE;358;129515;27394;21.15;401;26993;265;0.98;INDEPENDANT;LESPOIR POLITIQUE DE DALOA;990;3.67;False
HAUT-SASSANDRA;100;DALOA, VILLE ET SOUS-PREFECTURE;358;129515;27394;21.15;401;26993;265;0.98;INDEPENDANT;EGALITE POUR LEQUILIBRE SOCIO-ECONOMIQUE;987;3.66;False
HAUT-SASSANDRA;100;DALOA, VILLE ET SOUS-PREFECTURE;358;129515;27394;21.15;401;26993;265;0.98;RHDP;"UNE COTE D""IVOIRE EN PAIX,PROSPERE ET SOLIDAIRE";21340;79.06;True
HAUT-SASSANDRA;100;DALOA, VILLE ET SOUS-PREFECTURE;358;129515;27394;21.15;401;26993;265;0.98;INDEPENDANT;POUR NOUS CEST DALOA;1844;6.83;False
HAUT-SASSANDRA;100;DALOA, VILLE ET SOUS-PREFECTURE;358;129515;27394;21.15;401;26993;265;0.98;INDEPENDANT;JEUNESSE UNIE DE DALOA;120;0.44;False
HAUT-SASSANDRA;101;GBOGUHE ET ZAHIBO, COMMUNES ET SOUS-PREFECTURES;103;24051;10915;45.38;256;10659;122;1.14;INDEPENDANT;DIGBEU TOH LAMBERT;366;3.43;False
HAUT-SASSANDRA;101;GBOGUHE ET ZAHIBO, COMMUNES ET SOUS-PREFECTURES;103;24051;10915;45.38;256;10659;122;1.14;ADCI;TETIALY TETIALY ADOLPHE;34;0.32;False
HAUT-SASSANDRA;101;GBOGUHE ET ZAHIBO, COMMUNES ET SOUS-PREFECTURES;103;24051;10915;45.38;256;10659;122;1.14;RHDP;OUATTARA BAKARY;3511;32.94;False
HAUT-SASSANDRA;101;GBOGUHE ET ZAHIBO, COMMUNES ET SOUS-PREFECTURES;103;24051;10915;45.38;256;10659;122;1.14;INDEPENDANT;KIPRE STEPHANE AYMAR AUGUSTIN;5907;55.42;True
HAUT-SASSANDRA;101;GBOGUHE ET ZAHIBO, COMMUNES ET SOUS-PREFECTURES;103;24051;10915;45.38;256;10659;122;1.14;MGC;BIAHI FLORA ESTELLE DESIREE;21;0.2;False
HAUT-SASSANDRA;101;GBOGUHE ET ZAHIBO, COMMUNES ET SOUS-PREFECTURES;103;24051;10915;45.38;256;10659;122;1.14;PDCI-RDA;LIKANE-YAGUI JEAN;698;6.55;False
HAUT-SASSANDRA;102;BOGUEDIA, ISSIA ET TAPEGUIA, COMMUNES ET SOUS-PREFECTURES;166;52889;13588;25.69;447;13141;130;0.99;INDEPENDANT;UNION DES JEUNES POUR LE DEVELOPPEMENT;264;2.01;False
HAUT-SASSANDRA;102;BOGUEDIA, ISSIA ET TAPEGUIA, COMMUNES ET SOUS-PREFECTURES;166;52889;13588;25.69;447;13141;130;0.99;RHDP;UNE COTE DIVOIRE EN PAIX,PROSPERE ET SOLIDAIRE;5651;43.0;True
HAUT-SASSANDRA;102;BOGUEDIA, ISSIA ET TAPEGUIA, COMMUNES ET SOUS-PREFECTURES;166;52889;13588;25.69;447;13141;130;0.99;INDEPENDANT;EPI (ENSSEMBLE POUR ISSIA);2451;18.65;False
HAUT-SASSANDRA;102;BOGUEDIA, ISSIA ET TAPEGUIA, COMMUNES ET SOUS-PREFECTURES;166;52889;13588;25.69;447;13141;130;0.99;INDEPENDANT;ENSEMBLE POUR LA CAUSE D'ISSIA;954;7.26;False
HAUT-SASSANDRA;102;BOGUEDIA, ISSIA ET TAPEGUIA, COMMUNES ET SOUS-PREFECTURES;166;52889;13588;25.69;447;13141;130;0.99;INDEPENDANT;TOUS UNIS POUR ISSIA;3691;28.09;False
HAUT-SASSANDRA;103;IBOGUHE ET NAMANE, COMMUNES ET SOUS-PREFECTURES;68;19888;6218;31.27;156;6062;76;1.25;INDEPENDANT;GOKOU YODE PATRICK;1793;29.58;False
HAUT-SASSANDRA;103;IBOGUHE ET NAMANE, COMMUNES ET SOUS-PREFECTURES;68;19888;6218;31.27;156;6062;76;1.25;INDEPENDANT;SERY GBOGUHE RICHARD;308;5.08;False
HAUT-SASSANDRA;103;IBOGUHE ET NAMANE, COMMUNES ET SOUS-PREFECTURES;68;19888;6218;31.27;156;6062;76;1.25;INDEPENDANT;LAGO DONWAHI CHARLES;133;2.19;False
HAUT-SASSANDRA;103;IBOGUHE ET NAMANE, COMMUNES ET SOUS-PREFECTURES;68;19888;6218;31.27;156;6062;76;1.25;MNRP;LOUOBA MICHAEL;727;11.99;False
HAUT-SASSANDRA;103;IBOGUHE ET NAMANE, COMMUNES ET SOUS-PREFECTURES;68;19888;6218;31.27;156;6062;76;1.25;RHDP;TRAORE DOTEME;1950;32.17;True
HAUT-SASSANDRA;103;IBOGUHE ET NAMANE, COMMUNES ET SOUS-PREFECTURES;68;19888;6218;31.27;156;6062;76;1.25;INDEPENDANT;PALLE PALLE ISIDORE;91;1.5;False
HAUT-SASSANDRA;103;IBOGUHE ET NAMANE, COMMUNES ET SOUS-PREFECTURES;68;19888;6218;31.27;156;6062;76;1.25;GP-PAIX;KOUAKOU KOFFI;44;0.73;False
HAUT-SASSANDRA;103;IBOGUHE ET NAMANE, COMMUNES ET SOUS-PREFECTURES;68;19888;6218;31.27;156;6062;76;1.25;INDEPENDANT;YOBOUET KOUAKOU DIEUDONNE;49;0.81;False
HAUT-SASSANDRA;103;IBOGUHE ET NAMANE, COMMUNES ET SOUS-PREFECTURES;68;19888;6218;31.27;156;6062;76;1.25;PDCI-RDA;DIBAHI DODO AMEDEE;891;14.7;False
HAUT-SASSANDRA;104;NAHIO ET SAIOUA, COMMUNES ET SOUS-PREFECTURES;109;33075;13469;40.72;280;13189;162;1.23;CODE;SERI LANDRY;342;2.59;False
HAUT-SASSANDRA;104;NAHIO ET SAIOUA, COMMUNES ET SOUS-PREFECTURES;109;33075;13469;40.72;280;13189;162;1.23;INDEPENDANT;SOKORA SOKORA ARMAND;216;1.64;False
HAUT-SASSANDRA;104;NAHIO ET SAIOUA, COMMUNES ET SOUS-PREFECTURES;109;33075;13469;40.72;280;13189;162;1.23;RHDP;LOKPO BRAHIMA;9209;69.82;True
HAUT-SASSANDRA;104;NAHIO ET SAIOUA, COMMUNES ET SOUS-PREFECTURES;109;33075;13469;40.72;280;13189;162;1.23;INDEPENDANT;YOKOZO MARINA ANGELE;76;0.58;False
HAUT-SASSANDRA;104;NAHIO ET SAIOUA, COMMUNES ET SOUS-PREFECTURES;109;33075;13469;40.72;280;13189;162;1.23;MGC;MADI BOUABRE;258;1.96;False
HAUT-SASSANDRA;104;NAHIO ET SAIOUA, COMMUNES ET SOUS-PREFECTURES;109;33075;13469;40.72;280;13189;162;1.23;PDCI-RDA;DJEDJE MADY ALPHONSE;2926;22.19;False
HAUT-SASSANDRA;105;BAZRA NATILS, DANANON, KETRO·BASSAM ET VAVOUA, COMMUNES ET SOUS·PREFECTURES;139;40972;12481;30.46;430;12051;428;3.55;INDEPENDANT;VAVOUA ENSEMBLE C'EST POSSIBLE;2990;24.81;False
HAUT-SASSANDRA;105;BAZRA NATILS, DANANON, KETRO·BASSAM ET VAVOUA, COMMUNES ET SOUS·PREFECTURES;139;40972;12481;30.46;430;12051;428;3.55;INDEPENDANT;ENSEMBLE POUR LE DEVELOPPEMENT;205;1.7;False
HAUT-SASSANDRA;105;BAZRA NATILS, DANANON, KETRO·BASSAM ET VAVOUA, COMMUNES ET SOUS·PREFECTURES;139;40972;12481;30.46;430;12051;428;3.55;RHDP;UNE COTE DIVOIRE EN PAIX, PROSPERE ET SOLIDAIRE;4576;37.97;True
HAUT-SASSANDRA;105;BAZRA NATILS, DANANON, KETRO·BASSAM ET VAVOUA, COMMUNES ET SOUS·PREFECTURES;139;40972;12481;30.46;430;12051;428;3.55;INDEPENDANT;LE CHANGEMENT C'EST MAINTENANT;324;2.69;False
HAUT-SASSANDRA;105;BAZRA NATILS, DANANON, KETRO·BASSAM ET VAVOUA, COMMUNES ET SOUS·PREFECTURES;139;40972;12481;30.46;430;12051;428;3.55;INDEPENDANT;VAVOUA, JEUNESSE DEBOUT;297;2.46;False
HAUT-SASSANDRA;105;BAZRA NATILS, DANANON, KETRO·BASSAM ET VAVOUA, COMMUNES ET SOUS·PREFECTURES;139;40972;12481;30.46;430;12051;428;3.55;INDEPENDANT;ENSEMBLE POUR LA RELEVE;58;0.48;False
HAUT-SASSANDRA;105;BAZRA NATILS, DANANON, KETRO·BASSAM ET VAVOUA, COMMUNES ET SOUS·PREFECTURES;139;40972;12481;30.46;430;12051;428;3.55;INDEPENDANT;VAVOUA LE CHANGEMENT C'EST MAINTENANT;115;0.95;False
HAUT-SASSANDRA;105;BAZRA NATILS, DANANON, KETRO·BASSAM ET VAVOUA, COMMUNES ET SOUS·PREFECTURES;139;40972;12481;30.46;430;12051;428;3.55;INDEPENDANT;UN NOUVEAU DEPART;65;0.54;False
HAUT-SASSANDRA;105;BAZRA NATILS, DANANON, KETRO·BASSAM ET VAVOUA, COMMUNES ET SOUS·PREFECTURES;139;40972;12481;30.46;430;12051;428;3.55;PDCI-RDA;TOUS ENSEMBLE POUR LA CÔTE D'IVOIRE;2993;24.84;False
HAUT-SASSANDRA;106;DANIA, COMMUNE ET SOUS-PREFECTURE;46;12480;5299;42.46;154;5145;107;2.08;INDEPENDANT;KOUAME KOUADIO ANDERSON;1090;21.19;False
HAUT-SASSANDRA;106;DANIA, COMMUNE ET SOUS-PREFECTURE;46;12480;5299;42.46;154;5145;107;2.08;INDEPENDANT;N'GUESSAN KOUAKOU SALOMON;59;1.15;False
HAUT-SASSANDRA;106;DANIA, COMMUNE ET SOUS-PREFECTURE;46;12480;5299;42.46;154;5145;107;2.08;INDEPENDANT;SERY SOKO;310;6.03;False
HAUT-SASSANDRA;106;DANIA, COMMUNE ET SOUS-PREFECTURE;46;12480;5299;42.46;154;5145;107;2.08;RHDP;VEDEA BLIKAN ELISABETH;2374;46.14;True
HAUT-SASSANDRA;106;DANIA, COMMUNE ET SOUS-PREFECTURE;46;12480;5299;42.46;154;5145;107;2.08;INDEPENDANT;GBEDEGNE NADJE HUGUES;173;3.36;False
HAUT-SASSANDRA;106;DANIA, COMMUNE ET SOUS-PREFECTURE;46;12480;5299;42.46;154;5145;107;2.08;INDEPENDANT;BERTE NADO AMARA;57;1.11;False
HAUT-SASSANDRA;106;DANIA, COMMUNE ET SOUS-PREFECTURE;46;12480;5299;42.46;154;5145;107;2.08;PDCI-RDA;TAPE TOUAPLI;975;18.95;False
HAUT-SASSANDRA;107;SEITIFLA, COMMUNE ET SOUS-PREFECTURE;42;11109;5174;46.57;183;4991;88;1.76;RHDP;TRA BI SUI GUILLAUME;3312;66.36;True
HAUT-SASSANDRA;107;SEITIFLA, COMMUNE ET SOUS-PREFECTURE;42;11109;5174;46.57;183;4991;88;1.76;INDEPENDANT;OUIGNAN MARTIN;1416;28.37;False
HAUT-SASSANDRA;107;SEITIFLA, COMMUNE ET SOUS-PREFECTURE;42;11109;5174;46.57;183;4991;88;1.76;INDEPENDANT;KOUASSI BROU GAUTHIER;175;3.51;False
HAUT-SASSANDRA;108;DOMANGBEU, GREGBEU, GUESSABO ET ZOUKOUGBEU, COMMUNES ET SOUS·PREFECTURES;92;24325;8062;33.14;171;7891;85;1.08;FPP;BAMBA KALIFA;37;0.47;False
HAUT-SASSANDRA;108;DOMANGBEU, GREGBEU, GUESSABO ET ZOUKOUGBEU, COMMUNES ET SOUS·PREFECTURES;92;24325;8062;33.14;171;7891;85;1.08;RHDP;DOH DIBAHI MARCELLIN;4276;54.19;True
HAUT-SASSANDRA;108;DOMANGBEU, GREGBEU, GUESSABO ET ZOUKOUGBEU, COMMUNES ET SOUS·PREFECTURES;92;24325;8062;33.14;171;7891;85;1.08;INDEPENDANT;TETEA ZAMOSSE LEONARD;357;4.52;False
HAUT-SASSANDRA;108;DOMANGBEU, GREGBEU, GUESSABO ET ZOUKOUGBEU, COMMUNES ET SOUS·PREFECTURES;92;24325;8062;33.14;171;7891;85;1.08;PDCI-RDA;GOZE SEPLE BERNARD;3136;39.74;False
IFFOU;109;AKPASSANOU, ANANDA ET OUELLE COMMUNES ET SOUS-PREFECTURES;70;19944;7665;38.43;237;7428;54;0.73;INDEPENDANT;KOUASSI KOUADIO FRANCOIS;48;0.65;False
IFFOU;109;AKPASSANOU, ANANDA ET OUELLE COMMUNES ET SOUS-PREFECTURES;70;19944;7665;38.43;237;7428;54;0.73;GP-PAIX;KONAN KOUAKOU;98;1.32;False
IFFOU;109;AKPASSANOU, ANANDA ET OUELLE COMMUNES ET SOUS-PREFECTURES;70;19944;7665;38.43;237;7428;54;0.73;PDCI-RDA;YAO N'GUESSAN JUSTIN INNOCENT;4346;58.51;True
IFFOU;109;AKPASSANOU, ANANDA ET OUELLE COMMUNES ET SOUS-PREFECTURES;70;19944;7665;38.43;237;7428;54;0.73;INDEPENDANT;KOUAKOU KOUADIO JEAN-ARSENE;709;9.54;False
IFFOU;109;AKPASSANOU, ANANDA ET OUELLE COMMUNES ET SOUS-PREFECTURES;70;19944;7665;38.43;237;7428;54;0.73;RHDP;KOUAKOU KOUASSI HUBERT;2173;29.25;False
IFFOU;110;DAOUKRO ET N'GATTAKRO, COMMUNES ET SOUS-PREFECTURES;111;37825;10860;28.71;436;10424;72;0.69;INDEPENDANT;AKOTO KOUASSI OLIVIER;2411;23.13;False
IFFOU;110;DAOUKRO ET N'GATTAKRO, COMMUNES ET SOUS-PREFECTURES;111;37825;10860;28.71;436;10424;72;0.69;RHDP;KOUAKOU KOUADIO GERMAIN;939;9.01;False
IFFOU;110;DAOUKRO ET N'GATTAKRO, COMMUNES ET SOUS-PREFECTURES;111;37825;10860;28.71;436;10424;72;0.69;PDCI-RDA;KOUASSI TEOPHILE;5907;56.67;True
IFFOU;110;DAOUKRO ET N'GATTAKRO, COMMUNES ET SOUS-PREFECTURES;111;37825;10860;28.71;436;10424;72;0.69;INDEPENDANT;TRAORE ABOU;658;6.31;False
IFFOU;110;DAOUKRO ET N'GATTAKRO, COMMUNES ET SOUS-PREFECTURES;111;37825;10860;28.71;436;10424;72;0.69;INDEPENDANT;KOUAME KOUASSI BENSON;437;4.19;False
IFFOU;111;ETTROKRO ET SAMANZA, COMMUNES ET SOUS-PREFECTURES;44;11430;5639;49.34;315;5324;53;1.0;PDCI-RDA;N'DOUFOU KOUASSI RICHARD;1753;32.93;True
IFFOU;111;ETTROKRO ET SAMANZA, COMMUNES ET SOUS-PREFECTURES;44;11430;5639;49.34;315;5324;53;1.0;INDEPENDANT;KOUA MORO JEAN-BAPTISTE;765;14.37;False
IFFOU;111;ETTROKRO ET SAMANZA, COMMUNES ET SOUS-PREFECTURES;44;11430;5639;49.34;315;5324;53;1.0;INDEPENDANT;EKRA KOFFI JEAN-JACQUES;1590;29.86;False
IFFOU;111;ETTROKRO ET SAMANZA, COMMUNES ET SOUS-PREFECTURES;44;11430;5639;49.34;315;5324;53;1.0;RHDP;KOFFI KONIEN MOISE;1163;21.84;False
IFFOU;112;BONGUERA, KONDOSSOU ET M'BAHIAKRO, COMMUNES ET SOUS-PREFECTURES;118;31073;14797;47.62;640;14157;198;1.4;INDEPENDANT;KOUAKOU ATCHELAUD FAUSTO LEWIS;2500;17.66;False
IFFOU;112;BONGUERA, KONDOSSOU ET M'BAHIAKRO, COMMUNES ET SOUS-PREFECTURES;118;31073;14797;47.62;640;14157;198;1.4;INDEPENDANT;TRAORE AHMED PARFAIT;4697;33.18;True
IFFOU;112;BONGUERA, KONDOSSOU ET M'BAHIAKRO, COMMUNES ET SOUS-PREFECTURES;118;31073;14797;47.62;640;14157;198;1.4;PDCI-RDA;KOUAME TIALY HONORE;2516;17.77;False
IFFOU;112;BONGUERA, KONDOSSOU ET M'BAHIAKRO, COMMUNES ET SOUS-PREFECTURES;118;31073;14797;47.62;640;14157;198;1.4;INDEPENDANT;KOUAME KOUADIO JEAN JACQUES;168;1.19;False
IFFOU;112;BONGUERA, KONDOSSOU ET M'BAHIAKRO, COMMUNES ET SOUS-PREFECTURES;118;31073;14797;47.62;640;14157;198;1.4;INDEPENDANT;KOUAKOU KOUADIO;3004;21.22;False
IFFOU;112;BONGUERA, KONDOSSOU ET M'BAHIAKRO, COMMUNES ET SOUS-PREFECTURES;118;31073;14797;47.62;640;14157;198;1.4;RHDP;OUATTARA BAKARY;1074;7.59;False
IFFOU;113;ANIANOU, FAMIENKRO, KOFFI-AMONKRO, NAFANA ET PRIKRO, COMMUNESETSOU~PREFECTURES;105;30711;15501;50.47;406;15095;225;1.49;PDCI-RDA;ADI KOUAME ISAC;6704;44.41;False
IFFOU;113;ANIANOU, FAMIENKRO, KOFFI-AMONKRO, NAFANA ET PRIKRO, COMMUNESETSOU~PREFECTURES;105;30711;15501;50.47;406;15095;225;1.49;INDEPENDANT;DRAMANE KOUAKOU AMADOU;278;1.84;False
IFFOU;113;ANIANOU, FAMIENKRO, KOFFI-AMONKRO, NAFANA ET PRIKRO, COMMUNESETSOU~PREFECTURES;105;30711;15501;50.47;406;15095;225;1.49;RHDP;KOUASSI KOUASSI JEAN CLAUDE;7888;52.26;True
INDENIE-DJUABLIN;114;ABENGOUROU, COMMUNE;128;48575;11873;24.44;206;11667;48;0.41;INDEPENDANT;KONE MOUSSA;1039;8.91;False
INDENIE-DJUABLIN;114;ABENGOUROU, COMMUNE;128;48575;11873;24.44;206;11667;48;0.41;INDEPENDANT;NINTANE MAMADOU;1006;8.62;False
INDENIE-DJUABLIN;114;ABENGOUROU, COMMUNE;128;48575;11873;24.44;206;11667;48;0.41;RHDP;BAH ABDOULAYE;5872;50.33;True
INDENIE-DJUABLIN;114;ABENGOUROU, COMMUNE;128;48575;11873;24.44;206;11667;48;0.41;INDEPENDANT;FOFANA ABDOUL KARIM;76;0.65;False
INDENIE-DJUABLIN;114;ABENGOUROU, COMMUNE;128;48575;11873;24.44;206;11667;48;0.41;PDCI-RDA;BREDOU BREDOU ATHANASE;3626;31.08;False
INDENIE-DJUABLIN;115;ABENGOUROU, SOUS-PREFECTURE, AMELEKIA, ANIANSSUE, EBILASSOKRO, NIABLE, YAKASSE-FEYASSE ET ZARANOU, COMMUNES ET SOUS-PREFECTURES;166;51273;22283;43.46;498;21785;104;0.48;RHDP;UNE CÔTE DIVOIRE EN PAIX, PROSPÈRE ET SOLIDAIRE;17921;82.26;True
INDENIE-DJUABLIN;115;ABENGOUROU, SOUS-PREFECTURE, AMELEKIA, ANIANSSUE, EBILASSOKRO, NIABLE, YAKASSE-FEYASSE ET ZARANOU, COMMUNES ET SOUS-PREFECTURES;166;51273;22283;43.46;498;21785;104;0.48;PDCI-RDA;TOUS ENSEMBLE POUR LA CÔTE D'IVOIRE;3760;17.26;False
INDENIE-DJUABLIN;116;AGNIBILEKROU, COMMUNE ET SOUS-PREFECTURES;74;28087;11675;41.57;423;11252;77;0.68;INDEPENDANT;KOUAME BELLEBA MYRIAM ASHELEY;51;0.45;False
INDENIE-DJUABLIN;116;AGNIBILEKROU, COMMUNE ET SOUS-PREFECTURES;74;28087;11675;41.57;423;11252;77;0.68;INDEPENDANT;ASSEMIAN EPSE TAHI AKISSI MARIE-PAUL;32;0.28;False
INDENIE-DJUABLIN;116;AGNIBILEKROU, COMMUNE ET SOUS-PREFECTURES;74;28087;11675;41.57;423;11252;77;0.68;RHDP;FOFANA SIANDOU;5744;51.05;True
INDENIE-DJUABLIN;116;AGNIBILEKROU, COMMUNE ET SOUS-PREFECTURES;74;28087;11675;41.57;423;11252;77;0.68;INDEPENDANT;BEUGRE KOFFI BOAFFE BRICE CYRILE;122;1.08;False
INDENIE-DJUABLIN;116;AGNIBILEKROU, COMMUNE ET SOUS-PREFECTURES;74;28087;11675;41.57;423;11252;77;0.68;PDCI-RDA;MANDODJA M'BIA ROGER;5226;46.45;False
INDENIE-DJUABLIN;117;AKOBOISSUE ET DAME, DOUFFREBO ET TANGUELAN, COMMUNES ET SOUS-PREFECTURES;67;17960;8130;45.27;470;7660;67;0.87;INDEPENDANT;BARRY SOULEYMANE;54;0.7;False
INDENIE-DJUABLIN;117;AKOBOISSUE ET DAME, DOUFFREBO ET TANGUELAN, COMMUNES ET SOUS-PREFECTURES;67;17960;8130;45.27;470;7660;67;0.87;INDEPENDANT;KAMBIRE SIE;68;0.89;False
INDENIE-DJUABLIN;117;AKOBOISSUE ET DAME, DOUFFREBO ET TANGUELAN, COMMUNES ET SOUS-PREFECTURES;67;17960;8130;45.27;470;7660;67;0.87;RHDP;ABOULAYE NANGO;3308;43.19;True
INDENIE-DJUABLIN;117;AKOBOISSUE ET DAME, DOUFFREBO ET TANGUELAN, COMMUNES ET SOUS-PREFECTURES;67;17960;8130;45.27;470;7660;67;0.87;INDEPENDANT;KOUAKOU ADOU LEON;1051;13.72;False
INDENIE-DJUABLIN;117;AKOBOISSUE ET DAME, DOUFFREBO ET TANGUELAN, COMMUNES ET SOUS-PREFECTURES;67;17960;8130;45.27;470;7660;67;0.87;PDCI-RDA;AMANKOU JEAN MICHEL;3112;40.63;False
INDENIE-DJUABLIN;118;BETTIE ET DIAMARAKRO, COMMUNES ET SOUS-PREFECTURES;47;14086;5069;35.99;142;4927;30;0.61;INDEPENDANT;KONAN JEAN DE DIEU;1462;29.67;False
INDENIE-DJUABLIN;118;BETTIE ET DIAMARAKRO, COMMUNES ET SOUS-PREFECTURES;47;14086;5069;35.99;142;4927;30;0.61;ADCI;ANOH KOUAO STEPHANE;94;1.91;False
INDENIE-DJUABLIN;118;BETTIE ET DIAMARAKRO, COMMUNES ET SOUS-PREFECTURES;47;14086;5069;35.99;142;4927;30;0.61;RHDP;TANO MANIZAN ETIENNE;1740;35.32;True
INDENIE-DJUABLIN;118;BETTIE ET DIAMARAKRO, COMMUNES ET SOUS-PREFECTURES;47;14086;5069;35.99;142;4927;30;0.61;INDEPENDANT;ALIKO NCHO FRANCK ANGHUI;238;4.83;False
INDENIE-DJUABLIN;118;BETTIE ET DIAMARAKRO, COMMUNES ET SOUS-PREFECTURES;47;14086;5069;35.99;142;4927;30;0.61;PDCI-RDA;BROU MIAN;1363;27.66;False
KABADOUGOU;119;GBONGAHA ET SEGUELON, COMMUNES ET SOUS-PREFECTURES;39;11815;8223;69.6;50;8173;104;1.27;INDEPENDANT;FOFANA MAMADOU;2571;31.46;False
KABADOUGOU;119;GBONGAHA ET SEGUELON, COMMUNES ET SOUS-PREFECTURES;39;11815;8223;69.6;50;8173;104;1.27;RHDP;KONE IBRAHIMA;5439;66.55;True
KABADOUGOU;119;GBONGAHA ET SEGUELON, COMMUNES ET SOUS-PREFECTURES;39;11815;8223;69.6;50;8173;104;1.27;PDCI-RDA;KONE SEYDOU;59;0.72;False
KABADOUGOU;120;FENGOLO, MADINANI ET N'GOLOBLASSO, COMMUNES ET SOUS-PREFECTURES;55;17672;11759;66.54;138;11621;149;1.28;RHDP;KONATE LADJI;7042;60.6;True
KABADOUGOU;120;FENGOLO, MADINANI ET N'GOLOBLASSO, COMMUNES ET SOUS-PREFECTURES;55;17672;11759;66.54;138;11621;149;1.28;INDEPENDANT;FOFANA LASSANA;4430;38.12;False
KABADOUGOU;121;BAKO, BOUGOUSSO ET DIOULATIEDOUGOU, COMMUNES ET SOUS-PREFECTURES;69;18754;13278;70.8;142;13136;158;1.2;INDEPENDANT;BAMBA MOUSSA;283;2.15;False
KABADOUGOU;121;BAKO, BOUGOUSSO ET DIOULATIEDOUGOU, COMMUNES ET SOUS-PREFECTURES;69;18754;13278;70.8;142;13136;158;1.2;INDEPENDANT;KONE DAVID MEBRA;170;1.29;False
KABADOUGOU;121;BAKO, BOUGOUSSO ET DIOULATIEDOUGOU, COMMUNES ET SOUS-PREFECTURES;69;18754;13278;70.8;142;13136;158;1.2;INDEPENDANT;TRAORE DRISSA;521;3.97;False
KABADOUGOU;121;BAKO, BOUGOUSSO ET DIOULATIEDOUGOU, COMMUNES ET SOUS-PREFECTURES;69;18754;13278;70.8;142;13136;158;1.2;INDEPENDANT;TRAORE SOUALIHO;2018;15.36;False
KABADOUGOU;121;BAKO, BOUGOUSSO ET DIOULATIEDOUGOU, COMMUNES ET SOUS-PREFECTURES;69;18754;13278;70.8;142;13136;158;1.2;INDEPENDANT;ISSOUF TRAORE;960;7.31;False
KABADOUGOU;121;BAKO, BOUGOUSSO ET DIOULATIEDOUGOU, COMMUNES ET SOUS-PREFECTURES;69;18754;13278;70.8;142;13136;158;1.2;RHDP;DIARRA CEDRIC TIDIANE;9026;68.71;True
KABADOUGOU;122;GBELEBAN ET SEYDOUGOU, COMMUNES ET SOUS-PREFECTURES;23;7903;4577;57.91;92;4485;75;1.67;INDEPENDANT;SANOGO AMADOU;47;1.05;False
KABADOUGOU;122;GBELEBAN ET SEYDOUGOU, COMMUNES ET SOUS-PREFECTURES;23;7903;4577;57.91;92;4485;75;1.67;INDEPENDANT;TRAORE BOURAHIMA;215;4.79;False
KABADOUGOU;122;GBELEBAN ET SEYDOUGOU, COMMUNES ET SOUS-PREFECTURES;23;7903;4577;57.91;92;4485;75;1.67;INDEPENDANT;TRAORE SOULEIMANE;199;4.44;False
KABADOUGOU;122;GBELEBAN ET SEYDOUGOU, COMMUNES ET SOUS-PREFECTURES;23;7903;4577;57.91;92;4485;75;1.67;RHDP;DOUMBIA ALASSANE;1916;42.72;True
KABADOUGOU;122;GBELEBAN ET SEYDOUGOU, COMMUNES ET SOUS-PREFECTURES;23;7903;4577;57.91;92;4485;75;1.67;INDEPENDANT;VAKABA FOFANA;1914;42.68;False
KABADOUGOU;122;GBELEBAN ET SEYDOUGOU, COMMUNES ET SOUS-PREFECTURES;23;7903;4577;57.91;92;4485;75;1.67;INDEPENDANT;TRAORE ABDOULAYE;7;0.16;False
KABADOUGOU;122;GBELEBAN ET SEYDOUGOU, COMMUNES ET SOUS-PREFECTURES;23;7903;4577;57.91;92;4485;75;1.67;PDCI-RDA;DIAKITE BOUAKARY SIDIKI;112;2.5;False
KABADOUGOU;123;ODIENNE , COMMUNE;87;32124;32116;99.98;9;32107;0;0.0;RHDP;UNE COTE DIVOIRE EN PAIX PROSPERE ET SOLIDAIRE;32107;100.0;True
KABADOUGOU;124;KIMBIRILA-SUD, TIEME, SAMATIGUILA, ET SAMANGO, COMMUNES ET SOUS-PREFECTURES, ODIENNE, SOUS PREFECTURE;87;26474;17165;64.84;244;16921;152;0.9;INDEPENDANT;SYLLA MARIAME;2160;12.77;False
KABADOUGOU;124;KIMBIRILA-SUD, TIEME, SAMATIGUILA, ET SAMANGO, COMMUNES ET SOUS-PREFECTURES, ODIENNE, SOUS PREFECTURE;87;26474;17165;64.84;244;16921;152;0.9;INDEPENDANT;KONE BEN IDRISS;89;0.53;False
KABADOUGOU;124;KIMBIRILA-SUD, TIEME, SAMATIGUILA, ET SAMANGO, COMMUNES ET SOUS-PREFECTURES, ODIENNE, SOUS PREFECTURE;87;26474;17165;64.84;244;16921;152;0.9;INDEPENDANT;DOUMBIA ALPHA;388;2.29;False
KABADOUGOU;124;KIMBIRILA-SUD, TIEME, SAMATIGUILA, ET SAMANGO, COMMUNES ET SOUS-PREFECTURES, ODIENNE, SOUS PREFECTURE;87;26474;17165;64.84;244;16921;152;0.9;RHDP;DIABY LANCINE;11278;66.65;True
KABADOUGOU;124;KIMBIRILA-SUD, TIEME, SAMATIGUILA, ET SAMANGO, COMMUNES ET SOUS-PREFECTURES, ODIENNE, SOUS PREFECTURE;87;26474;17165;64.84;244;16921;152;0.9;INDEPENDANT;KEITA ADAMA;2685;15.87;False
KABADOUGOU;124;KIMBIRILA-SUD, TIEME, SAMATIGUILA, ET SAMANGO, COMMUNES ET SOUS-PREFECTURES, ODIENNE, SOUS PREFECTURE;87;26474;17165;64.84;244;16921;152;0.9;PDCI-RDA;VASSIRIKI DOUMBIA;169;1.0;False
LA ME;141;ADZOPE, COMMUNE;88;34787;12179;35.01;3423;8756;42;0.48;INDEPENDANT;ASSY NCHO GUY SERGE;84;0.96;False
LA ME;141;ADZOPE, COMMUNE;88;34787;12179;35.01;3423;8756;42;0.48;INDEPENDANT;ATSE URBAIN;593;6.77;False
LA ME;141;ADZOPE, COMMUNE;88;34787;12179;35.01;3423;8756;42;0.48;INDEPENDANT;BLE N'GUESSAN ALAIN CARLOS;430;4.91;False
LA ME;141;ADZOPE, COMMUNE;88;34787;12179;35.01;3423;8756;42;0.48;INDEPENDANT;DIARRA CHEICK HAMMALAH;308;3.52;False
LA ME;141;ADZOPE, COMMUNE;88;34787;12179;35.01;3423;8756;42;0.48;RHDP;ACHI PATRICK JEROME;7246;82.75;True
LA ME;141;ADZOPE, COMMUNE;88;34787;12179;35.01;3423;8756;42;0.48;INDEPENDANT;EBY FOLY ANGE MARIUS;53;0.61;False
LA ME;142;AGOU, BECEDI-BRIGNAN ET YAKASSE-ME, COMMUNES ET SOUS-PREFECTURES;86;32407;10322;31.85;270;10052;70;0.7;INDEPENDANT;ASSI KANON JEAN SYLVESTRE;1755;17.46;False
LA ME;142;AGOU, BECEDI-BRIGNAN ET YAKASSE-ME, COMMUNES ET SOUS-PREFECTURES;86;32407;10322;31.85;270;10052;70;0.7;INDEPENDANT;AMON NCHO KOUADIO PATRICK;911;9.06;False
LA ME;142;AGOU, BECEDI-BRIGNAN ET YAKASSE-ME, COMMUNES ET SOUS-PREFECTURES;86;32407;10322;31.85;270;10052;70;0.7;INDEPENDANT;ASSY YAPO GHISLAIN;492;4.89;False
LA ME;142;AGOU, BECEDI-BRIGNAN ET YAKASSE-ME, COMMUNES ET SOUS-PREFECTURES;86;32407;10322;31.85;270;10052;70;0.7;INDEPENDANT;YAPI YATTE ALPHONSE;848;8.44;False
LA ME;142;AGOU, BECEDI-BRIGNAN ET YAKASSE-ME, COMMUNES ET SOUS-PREFECTURES;86;32407;10322;31.85;270;10052;70;0.7;INDEPENDANT;ASSEUHI AKA JULIEN SERGE;508;5.05;False
LA ME;142;AGOU, BECEDI-BRIGNAN ET YAKASSE-ME, COMMUNES ET SOUS-PREFECTURES;86;32407;10322;31.85;270;10052;70;0.7;RHDP;YAPI N'CHO FLORENT;5019;49.93;True
LA ME;142;AGOU, BECEDI-BRIGNAN ET YAKASSE-ME, COMMUNES ET SOUS-PREFECTURES;86;32407;10322;31.85;270;10052;70;0.7;INDEPENDANT;YAPI ADEPO FELIX;83;0.83;False
LA ME;142;AGOU, BECEDI-BRIGNAN ET YAKASSE-ME, COMMUNES ET SOUS-PREFECTURES;86;32407;10322;31.85;270;10052;70;0.7;MGC;YAPI CLOTIDE OHOUOCHI;366;3.64;False
LA ME;143;ADZOPE, SOUS-PREFECTURE, ANNEPE ET ASSIKOI, COMMUNES ET SOUS-PREFECTURES;89;33376;12344;36.98;268;12076;97;0.8;INDEPENDANT;ASSAMOI ODI ANGE MITTERAND BIENVENU;1351;11.19;False
LA ME;143;ADZOPE, SOUS-PREFECTURE, ANNEPE ET ASSIKOI, COMMUNES ET SOUS-PREFECTURES;89;33376;12344;36.98;268;12076;97;0.8;RHDP;BOTCHI ASSI ABEL;8207;67.96;True
LA ME;143;ADZOPE, SOUS-PREFECTURE, ANNEPE ET ASSIKOI, COMMUNES ET SOUS-PREFECTURES;89;33376;12344;36.98;268;12076;97;0.8;ADCI;KAKOU SEKA MARCEL SYLVESTRE;207;1.71;False
LA ME;143;ADZOPE, SOUS-PREFECTURE, ANNEPE ET ASSIKOI, COMMUNES ET SOUS-PREFECTURES;89;33376;12344;36.98;268;12076;97;0.8;INDEPENDANT;ABENIN YAPO;1339;11.09;False
LA ME;143;ADZOPE, SOUS-PREFECTURE, ANNEPE ET ASSIKOI, COMMUNES ET SOUS-PREFECTURES;89;33376;12344;36.98;268;12076;97;0.8;FPI;ASSI ROMEO;875;7.25;False
LA ME;144;AFFERY, COMMUNE ET SOUS-PREFECTURE;41;16380;6980;42.61;287;6693;20;0.3;FNDR;BROU BEDA ROGER;934;13.95;False
LA ME;144;AFFERY, COMMUNE ET SOUS-PREFECTURE;41;16380;6980;42.61;287;6693;20;0.3;INDEPENDANT;N'GUESSAN-BECHIE PAUL;2686;40.13;False
LA ME;144;AFFERY, COMMUNE ET SOUS-PREFECTURE;41;16380;6980;42.61;287;6693;20;0.3;ADCI;YAPO BEDA ARSENE DESIRE;133;1.99;False
LA ME;144;AFFERY, COMMUNE ET SOUS-PREFECTURE;41;16380;6980;42.61;287;6693;20;0.3;INDEPENDANT;YAO AKA JAURES ROLAND STEPHANE;65;0.97;False
LA ME;144;AFFERY, COMMUNE ET SOUS-PREFECTURE;41;16380;6980;42.61;287;6693;20;0.3;RHDP;ASSOI ASSI APPOLINAIRE;2855;42.66;True
LA ME;145;AKOUPE ET BECOUEFIN, COMMUNES ET SOUS-PREFECTURES;109;41157;13552;32.93;488;13064;86;0.66;INDEPENDANT;YAPO VALERIE-YOLANDE;1294;9.91;False
LA ME;145;AKOUPE ET BECOUEFIN, COMMUNES ET SOUS-PREFECTURES;109;41157;13552;32.93;488;13064;86;0.66;INDEPENDANT;ANON AGUIE CLOTAIRE;483;3.7;False
LA ME;145;AKOUPE ET BECOUEFIN, COMMUNES ET SOUS-PREFECTURES;109;41157;13552;32.93;488;13064;86;0.66;INDEPENDANT;KOISSY SECKA RENE NOEL FABRICE;130;1.0;False
LA ME;145;AKOUPE ET BECOUEFIN, COMMUNES ET SOUS-PREFECTURES;109;41157;13552;32.93;488;13064;86;0.66;INDEPENDANT;ASSEU ELOLO SIDONIE;3066;23.47;False
LA ME;145;AKOUPE ET BECOUEFIN, COMMUNES ET SOUS-PREFECTURES;109;41157;13552;32.93;488;13064;86;0.66;INDEPENDANT;KIMOU ACHY JOEL FABRICE;207;1.58;False
LA ME;145;AKOUPE ET BECOUEFIN, COMMUNES ET SOUS-PREFECTURES;109;41157;13552;32.93;488;13064;86;0.66;FPI;YAPO ATSE HERMANN NDAH;499;3.82;False
LA ME;145;AKOUPE ET BECOUEFIN, COMMUNES ET SOUS-PREFECTURES;109;41157;13552;32.93;488;13064;86;0.66;RHDP;ASSI JEAN-LUC;6859;52.5;True
LA ME;145;AKOUPE ET BECOUEFIN, COMMUNES ET SOUS-PREFECTURES;109;41157;13552;32.93;488;13064;86;0.66;INDEPENDANT;KIMOU KOFFI FLORENT;440;3.37;False
LA ME;146;ABOISSO-COMOE, ALEPE, ALLOSSO, DANGUIRA ET OGHLWAPO, COMMUNES ET SOUS-PREFECTURES;156;54427;13996;25.72;349;13647;97;0.71;INDEPENDANT;OSSIN YAPI SIMPLICE;3494;25.6;False
LA ME;146;ABOISSO-COMOE, ALEPE, ALLOSSO, DANGUIRA ET OGHLWAPO, COMMUNES ET SOUS-PREFECTURES;156;54427;13996;25.72;349;13647;97;0.71;ADCI;AGUIE ABOA LAURENTINE;169;1.24;False
LA ME;146;ABOISSO-COMOE, ALEPE, ALLOSSO, DANGUIRA ET OGHLWAPO, COMMUNES ET SOUS-PREFECTURES;156;54427;13996;25.72;349;13647;97;0.71;RHDP;NCHO NCHO CHRISTOPHE;6034;44.21;True
LA ME;146;ABOISSO-COMOE, ALEPE, ALLOSSO, DANGUIRA ET OGHLWAPO, COMMUNES ET SOUS-PREFECTURES;156;54427;13996;25.72;349;13647;97;0.71;INDEPENDANT;ABOA HERMANN;1531;11.22;False
LA ME;146;ABOISSO-COMOE, ALEPE, ALLOSSO, DANGUIRA ET OGHLWAPO, COMMUNES ET SOUS-PREFECTURES;156;54427;13996;25.72;349;13647;97;0.71;INDEPENDANT;YAPO MARTIAL AUGUSTE;889;6.51;False
LA ME;146;ABOISSO-COMOE, ALEPE, ALLOSSO, DANGUIRA ET OGHLWAPO, COMMUNES ET SOUS-PREFECTURES;156;54427;13996;25.72;349;13647;97;0.71;PDCI-RDA;DIALLO IBRAHIMA SORY;1433;10.5;False
LA ME;147;ABONGOUA, BIEBY ET YAKASSE-ATTOBROU, COMMUNES ET SOUS-PREFECTURES;69;27218;10647;39.12;622;10025;78;0.78;INDEPENDANT;AMON EDY JEAN-ERIC;2863;28.56;False
LA ME;147;ABONGOUA, BIEBY ET YAKASSE-ATTOBROU, COMMUNES ET SOUS-PREFECTURES;69;27218;10647;39.12;622;10025;78;0.78;UFD;ACAFOU BEKOIN;289;2.88;False
LA ME;147;ABONGOUA, BIEBY ET YAKASSE-ATTOBROU, COMMUNES ET SOUS-PREFECTURES;69;27218;10647;39.12;622;10025;78;0.78;INDEPENDANT;ASSI NDIN THEODORE;2833;28.26;False
LA ME;147;ABONGOUA, BIEBY ET YAKASSE-ATTOBROU, COMMUNES ET SOUS-PREFECTURES;69;27218;10647;39.12;622;10025;78;0.78;RHDP;ADEPO YAPO FRANCOIS;3962;39.52;True
LOH-DJIBOUA;125;CHIEPO, DIDOKO, NEBO ET OGOUDOU, COMMUNES ET SOUS-PREFECTURES, DIVO, SOUS-PREFECTURE;176;47838;14471;30.25;544;13927;174;1.25;ADCI;ADCI;1113;7.99;False
LOH-DJIBOUA;125;CHIEPO, DIDOKO, NEBO ET OGOUDOU, COMMUNES ET SOUS-PREFECTURES, DIVO, SOUS-PREFECTURE;176;47838;14471;30.25;544;13927;174;1.25;RHDP;UNE CÔTE DIVOIRE EN PAIX, PROSPÈRE ET SOLIDAIRE;10432;74.9;True
LOH-DJIBOUA;125;CHIEPO, DIDOKO, NEBO ET OGOUDOU, COMMUNES ET SOUS-PREFECTURES, DIVO, SOUS-PREFECTURE;176;47838;14471;30.25;544;13927;174;1.25;PDCI-RDA;TOUS ENSEMBLE POUR LA CÔTE D'IVOIRE;2208;15.85;False
LOH-DJIBOUA;126;DIVO, COMMUNE;201;80222;28025;34.93;528;27497;141;0.51;INDEPENDANT;DIAKITE ALAHASSANE;17141;62.34;True
LOH-DJIBOUA;126;DIVO, COMMUNE;201;80222;28025;34.93;528;27497;141;0.51;RHDP;FAMOUSSA COULIBALY;8675;31.55;False
LOH-DJIBOUA;126;DIVO, COMMUNE;201;80222;28025;34.93;528;27497;141;0.51;INDEPENDANT;BAMBA FATOU;71;0.26;False
LOH-DJIBOUA;126;DIVO, COMMUNE;201;80222;28025;34.93;528;27497;141;0.51;INDEPENDANT;GNIGOU AYEREHONON GENEVIEVE MIMYELLE;129;0.47;False
LOH-DJIBOUA;126;DIVO, COMMUNE;201;80222;28025;34.93;528;27497;141;0.51;INDEPENDANT;DJEGBI PRINCE HUSTER FRANCIS;41;0.15;False
LOH-DJIBOUA;126;DIVO, COMMUNE;201;80222;28025;34.93;528;27497;141;0.51;INDEPENDANT;KONE MOUSSA;46;0.17;False
LOH-DJIBOUA;126;DIVO, COMMUNE;201;80222;28025;34.93;528;27497;141;0.51;PDCI-RDA;AKOUN STEPHANE JOEL ANDREA;1253;4.56;False
LOH-DJIBOUA;127;HIRE ET ZEGO, COMMUNES ET SOUS-PREFECTURES;80;28375;7714;27.19;249;7465;88;1.18;INDEPENDANT;KONATE LAMINE;183;2.45;False
LOH-DJIBOUA;127;HIRE ET ZEGO, COMMUNES ET SOUS-PREFECTURES;80;28375;7714;27.19;249;7465;88;1.18;RHDP;DJA-BLE JOSEPH;3899;52.23;True
LOH-DJIBOUA;127;HIRE ET ZEGO, COMMUNES ET SOUS-PREFECTURES;80;28375;7714;27.19;249;7465;88;1.18;INDEPENDANT;OUREGA AGNEZA KOUASSI LANDRY;726;9.73;False
LOH-DJIBOUA;127;HIRE ET ZEGO, COMMUNES ET SOUS-PREFECTURES;80;28375;7714;27.19;249;7465;88;1.18;INDEPENDANT;AMANE KOUASSI VINCENT;165;2.21;False
LOH-DJIBOUA;127;HIRE ET ZEGO, COMMUNES ET SOUS-PREFECTURES;80;28375;7714;27.19;249;7465;88;1.18;INDEPENDANT;KONAN KOUAME ABEL;97;1.3;False
LOH-DJIBOUA;127;HIRE ET ZEGO, COMMUNES ET SOUS-PREFECTURES;80;28375;7714;27.19;249;7465;88;1.18;EDS;DAGO KOUASSI AUGUSTE;16;0.21;False
LOH-DJIBOUA;127;HIRE ET ZEGO, COMMUNES ET SOUS-PREFECTURES;80;28375;7714;27.19;249;7465;88;1.18;INDEPENDANT;N'DA YAO ALEXANDRE;285;3.82;False
LOH-DJIBOUA;127;HIRE ET ZEGO, COMMUNES ET SOUS-PREFECTURES;80;28375;7714;27.19;249;7465;88;1.18;INDEPENDANT;KOUASSI EPSE ABOURLAY TITRE MARIE-MADELEINE;109;1.46;False
LOH-DJIBOUA;127;HIRE ET ZEGO, COMMUNES ET SOUS-PREFECTURES;80;28375;7714;27.19;249;7465;88;1.18;PDCI-RDA;N'GUESSAN YAO SERGE;1897;25.41;False
LOH-DJIBOUA;128;DAIRO-DIDIZO ET GUITRY, COMMUNES ET SOUS-PREFECTURES;118;30986;13544;43.71;276;13268;160;1.21;MLPCI;TRAORE NAMORY;30;0.23;False
LOH-DJIBOUA;128;DAIRO-DIDIZO ET GUITRY, COMMUNES ET SOUS-PREFECTURES;118;30986;13544;43.71;276;13268;160;1.21;INDEPENDANT;KRAGBE BEHIBRO PHILIPPE MICHAEL;4959;37.38;False
LOH-DJIBOUA;128;DAIRO-DIDIZO ET GUITRY, COMMUNES ET SOUS-PREFECTURES;118;30986;13544;43.71;276;13268;160;1.21;RHDP;KOKO PATRICIA SYLVIE EPSE YAO;7622;57.45;True
LOH-DJIBOUA;128;DAIRO-DIDIZO ET GUITRY, COMMUNES ET SOUS-PREFECTURES;118;30986;13544;43.71;276;13268;160;1.21;PDCI-RDA;KOUAME KOUASSI INNOCENT;497;3.75;False
LOH-DJIBOUA;129;LAUZOUA ET YOCOBOUE, COMMUNES ET SOUS-PREFECTURES;50;12142;5036;41.48;139;4897;91;1.86;RHDP;GNEBA NADINE MELANIE;4260;86.99;True
LOH-DJIBOUA;129;LAUZOUA ET YOCOBOUE, COMMUNES ET SOUS-PREFECTURES;50;12142;5036;41.48;139;4897;91;1.86;MGC;LAGO DOUGROU DOMINIQUE;546;11.15;False
LOH-DJIBOUA;130;DJIDJI, GAGORE ET ZIKISSO, COMMUNES ET SOUS-PREFECTURES;45;13640;4476;32.82;156;4320;58;1.34;INDEPENDANT;YAO ASSABLI YAO;24;0.56;False
LOH-DJIBOUA;130;DJIDJI, GAGORE ET ZIKISSO, COMMUNES ET SOUS-PREFECTURES;45;13640;4476;32.82;156;4320;58;1.34;INDEPENDANT;BREUDJI HERMANN LANDRY;1155;26.74;False
LOH-DJIBOUA;130;DJIDJI, GAGORE ET ZIKISSO, COMMUNES ET SOUS-PREFECTURES;45;13640;4476;32.82;156;4320;58;1.34;RHDP;ABADI MIEZAN CHARLES;2758;63.84;True
LOH-DJIBOUA;130;DJIDJI, GAGORE ET ZIKISSO, COMMUNES ET SOUS-PREFECTURES;45;13640;4476;32.82;156;4320;58;1.34;INDEPENDANT;GNATTO BAHIE SEBASTIEN;14;0.32;False
LOH-DJIBOUA;130;DJIDJI, GAGORE ET ZIKISSO, COMMUNES ET SOUS-PREFECTURES;45;13640;4476;32.82;156;4320;58;1.34;PDCI-RDA;GAYE GNAFFOU DOGOLIE JEAN;311;7.2;False
LOH-DJIBOUA;131;GOUDOUKO ET NIAMBEZARIA, COMMUNES ET SOUS-PREFECTURES;68;18404;6693;36.37;242;6451;74;1.15;INDEPENDANT;DAGO WAKOUBO SAMUEL;1042;16.15;False
LOH-DJIBOUA;131;GOUDOUKO ET NIAMBEZARIA, COMMUNES ET SOUS-PREFECTURES;68;18404;6693;36.37;242;6451;74;1.15;INDEPENDANT;DOUKOURE AMANDA;15;0.23;False
LOH-DJIBOUA;131;GOUDOUKO ET NIAMBEZARIA, COMMUNES ET SOUS-PREFECTURES;68;18404;6693;36.37;242;6451;74;1.15;RHDP;MERHY SAMY;4166;64.58;True
LOH-DJIBOUA;131;GOUDOUKO ET NIAMBEZARIA, COMMUNES ET SOUS-PREFECTURES;68;18404;6693;36.37;242;6451;74;1.15;EDS;AHIPEAUD AHIPEAUD JEAN-ANDRE;267;4.14;False
LOH-DJIBOUA;131;GOUDOUKO ET NIAMBEZARIA, COMMUNES ET SOUS-PREFECTURES;68;18404;6693;36.37;242;6451;74;1.15;INDEPENDANT;DAGO KOUASSI JUSTIN AIME;298;4.62;False
LOH-DJIBOUA;131;GOUDOUKO ET NIAMBEZARIA, COMMUNES ET SOUS-PREFECTURES;68;18404;6693;36.37;242;6451;74;1.15;PDCI-RDA;GUEBO DOUKOURE MARCEL;589;9.13;False
LOH-DJIBOUA;132;LAKOTA, COMMUNE ET SOUS-PREFECTURE;118;38754;8724;22.51;250;8474;70;0.83;INDEPENDANT;KAMBOU SANSAN SYLVAIN;100;1.18;False
LOH-DJIBOUA;132;LAKOTA, COMMUNE ET SOUS-PREFECTURE;118;38754;8724;22.51;250;8474;70;0.83;INDEPENDANT;KONE CHEVA ADAM MOHAMED;153;1.81;False
LOH-DJIBOUA;132;LAKOTA, COMMUNE ET SOUS-PREFECTURE;118;38754;8724;22.51;250;8474;70;0.83;INDEPENDANT;LAGO LAVRI SOLANGE EPSE KONE;891;10.51;False
LOH-DJIBOUA;132;LAKOTA, COMMUNE ET SOUS-PREFECTURE;118;38754;8724;22.51;250;8474;70;0.83;RHDP;KOUYATE ABDOULAYE;4455;52.57;True
LOH-DJIBOUA;132;LAKOTA, COMMUNE ET SOUS-PREFECTURE;118;38754;8724;22.51;250;8474;70;0.83;INDEPENDANT;DALLI ARTHUR PRINCE-RICHARD;1762;20.79;False
LOH-DJIBOUA;132;LAKOTA, COMMUNE ET SOUS-PREFECTURE;118;38754;8724;22.51;250;8474;70;0.83;INDEPENDANT;GODI DADIE JUSTIN;289;3.41;False
LOH-DJIBOUA;132;LAKOTA, COMMUNE ET SOUS-PREFECTURE;118;38754;8724;22.51;250;8474;70;0.83;PDCI-RDA;MAGOU MANDY CARMEN;754;8.9;False
MARAHOUE;133;BEGBESSOU, N'DOUFFOUKANKRO ET TIBEITA, COMMUNES ET SOUS-PREFECTURES, BOUAFLE, SOUS-PREFECTURE;133;36006;10954;30.42;348;10606;187;1.76;INDEPENDANT;HOURA KOUASSI MARC;4392;41.41;True
MARAHOUE;133;BEGBESSOU, N'DOUFFOUKANKRO ET TIBEITA, COMMUNES ET SOUS-PREFECTURES, BOUAFLE, SOUS-PREFECTURE;133;36006;10954;30.42;348;10606;187;1.76;INDEPENDANT;KOUADIO KOUADIO AURELIEN;499;4.7;False
MARAHOUE;133;BEGBESSOU, N'DOUFFOUKANKRO ET TIBEITA, COMMUNES ET SOUS-PREFECTURES, BOUAFLE, SOUS-PREFECTURE;133;36006;10954;30.42;348;10606;187;1.76;RHDP;KOUASSI ALLOMO FLORE FAITAY;2522;23.78;False
MARAHOUE;133;BEGBESSOU, N'DOUFFOUKANKRO ET TIBEITA, COMMUNES ET SOUS-PREFECTURES, BOUAFLE, SOUS-PREFECTURE;133;36006;10954;30.42;348;10606;187;1.76;INDEPENDANT;GOORE BI GOLE JEAN BAPTISTE;303;2.86;False
MARAHOUE;133;BEGBESSOU, N'DOUFFOUKANKRO ET TIBEITA, COMMUNES ET SOUS-PREFECTURES, BOUAFLE, SOUS-PREFECTURE;133;36006;10954;30.42;348;10606;187;1.76;INDEPENDANT;KOFFI LOUKOU LEON;2703;25.49;False
MARAHOUE;134;BOUAFLE, COMMUNE;113;43844;12123;27.65;180;11943;90;0.75;INDEPENDANT;KAMAGATE MOUSSA EL FADHEL;131;1.1;False
MARAHOUE;134;BOUAFLE, COMMUNE;113;43844;12123;27.65;180;11943;90;0.75;INDEPENDANT;NDIA FREDERIK;556;4.66;False
MARAHOUE;134;BOUAFLE, COMMUNE;113;43844;12123;27.65;180;11943;90;0.75;INDEPENDANT;COWPPLI BONY AFFOUE ELISABETH;209;1.75;False
MARAHOUE;134;BOUAFLE, COMMUNE;113;43844;12123;27.65;180;11943;90;0.75;INDEPENDANT;TIE BI IRIE MODESTE;90;0.75;False
MARAHOUE;134;BOUAFLE, COMMUNE;113;43844;12123;27.65;180;11943;90;0.75;INDEPENDANT;DJE BI TCHAN;254;2.13;False
MARAHOUE;134;BOUAFLE, COMMUNE;113;43844;12123;27.65;180;11943;90;0.75;INDEPENDANT;BLE BI BONAVENTURE;106;0.89;False
MARAHOUE;134;BOUAFLE, COMMUNE;113;43844;12123;27.65;180;11943;90;0.75;INDEPENDANT;OUATTARA IBRAHIM;146;1.22;False
MARAHOUE;134;BOUAFLE, COMMUNE;113;43844;12123;27.65;180;11943;90;0.75;RHDP;KONE ADAMA;6712;56.2;True
MARAHOUE;134;BOUAFLE, COMMUNE;113;43844;12123;27.65;180;11943;90;0.75;ADCI;TIBE BI N'GUESSAN MARCEL;190;1.59;False
MARAHOUE;134;BOUAFLE, COMMUNE;113;43844;12123;27.65;180;11943;90;0.75;INDEPENDANT;OUEDRAOGO AMIDOU;24;0.2;False
MARAHOUE;134;BOUAFLE, COMMUNE;113;43844;12123;27.65;180;11943;90;0.75;PDCI-RDA;KOFFI SERGES AZI;2511;21.02;False
MARAHOUE;134;BOUAFLE, COMMUNE;113;43844;12123;27.65;180;11943;90;0.75;INDEPENDANT;KONE ISSIAKA;924;7.74;False
MARAHOUE;135;BONON ET ZAGUIETA, COMMUNES ET SOUS-PREFECTURES;112;35059;8815;25.14;175;8640;109;1.26;RHDP;YACOUBA KONE;5653;65.43;True
MARAHOUE;135;BONON ET ZAGUIETA, COMMUNES ET SOUS-PREFECTURES;112;35059;8815;25.14;175;8640;109;1.26;INDEPENDANT;ZORO BI BALLO FRANCK;216;2.5;False
MARAHOUE;135;BONON ET ZAGUIETA, COMMUNES ET SOUS-PREFECTURES;112;35059;8815;25.14;175;8640;109;1.26;PDCI-RDA;TRAZIE BI GUESSAN;2570;29.75;False
MARAHOUE;135;BONON ET ZAGUIETA, COMMUNES ET SOUS-PREFECTURES;112;35059;8815;25.14;175;8640;109;1.26;MGC;KOUAME BI BLI ROBERT;92;1.06;False
MARAHOUE;136;BAZRE ET KONONFLA, COMMUNES ET SOUS-PREFECTURES;82;20818;6995;33.6;167;6828;59;0.86;INDEPENDANT;KEITA ABDOULAYE;849;12.43;False
MARAHOUE;136;BAZRE ET KONONFLA, COMMUNES ET SOUS-PREFECTURES;82;20818;6995;33.6;167;6828;59;0.86;CNDCI;KONAN BLE OSWALD ANATOLE N'KONIAN;477;6.99;False
MARAHOUE;136;BAZRE ET KONONFLA, COMMUNES ET SOUS-PREFECTURES;82;20818;6995;33.6;167;6828;59;0.86;INDEPENDANT;KOUAKOU KOUADIO PATRICE;284;4.16;False
MARAHOUE;136;BAZRE ET KONONFLA, COMMUNES ET SOUS-PREFECTURES;82;20818;6995;33.6;167;6828;59;0.86;INDEPENDANT;KOUAKOU MESMER BECANTY;1026;15.03;False
MARAHOUE;136;BAZRE ET KONONFLA, COMMUNES ET SOUS-PREFECTURES;82;20818;6995;33.6;167;6828;59;0.86;INDEPENDANT;KOUADIO ATOBE JACOB ANDERSON;388;5.68;False
MARAHOUE;136;BAZRE ET KONONFLA, COMMUNES ET SOUS-PREFECTURES;82;20818;6995;33.6;167;6828;59;0.86;INDEPENDANT;YAO AFFOUE MARINA;236;3.46;False
MARAHOUE;136;BAZRE ET KONONFLA, COMMUNES ET SOUS-PREFECTURES;82;20818;6995;33.6;167;6828;59;0.86;INDEPENDANT;KOUASSI BI KOUASSI GUILLAUME;135;1.98;False
MARAHOUE;136;BAZRE ET KONONFLA, COMMUNES ET SOUS-PREFECTURES;82;20818;6995;33.6;167;6828;59;0.86;RHDP;BEMA COULIBALY;2402;35.18;True
MARAHOUE;136;BAZRE ET KONONFLA, COMMUNES ET SOUS-PREFECTURES;82;20818;6995;33.6;167;6828;59;0.86;INDEPENDANT;CAHIE KAKOU GUY JOEL;17;0.25;False
MARAHOUE;136;BAZRE ET KONONFLA, COMMUNES ET SOUS-PREFECTURES;82;20818;6995;33.6;167;6828;59;0.86;INDEPENDANT;KOFFI AHOU MICHELE DEBORAH KOUADIO;64;0.94;False
MARAHOUE;136;BAZRE ET KONONFLA, COMMUNES ET SOUS-PREFECTURES;82;20818;6995;33.6;167;6828;59;0.86;INDEPENDANT;OUADI NDRI LOU YALOU RACHELLE;353;5.17;False
MARAHOUE;136;BAZRE ET KONONFLA, COMMUNES ET SOUS-PREFECTURES;82;20818;6995;33.6;167;6828;59;0.86;INDEPENDANT;TOUVOLI BI KOUADIO MARTIAL;54;0.79;False
MARAHOUE;136;BAZRE ET KONONFLA, COMMUNES ET SOUS-PREFECTURES;82;20818;6995;33.6;167;6828;59;0.86;PDCI-RDA;GAULLY SAHOUA ANTOINE SYLVAIN PEPIN;484;7.09;False
MARAHOUE;137;KOUETINFLA ET SINFRA, COMMUNES ET SOUS-PREFECTURES;147;48502;14650;30.2;350;14300;106;0.74;INDEPENDANT;MA BI MONOUIN STEPHANE DE-DEN;1023;7.15;False
MARAHOUE;137;KOUETINFLA ET SINFRA, COMMUNES ET SOUS-PREFECTURES;147;48502;14650;30.2;350;14300;106;0.74;RHDP;SATI LOU GOLENAN MADELEINE EPSE TOUVOLI;7447;52.08;True
MARAHOUE;137;KOUETINFLA ET SINFRA, COMMUNES ET SOUS-PREFECTURES;147;48502;14650;30.2;350;14300;106;0.74;INDEPENDANT;SEYBOU DIARRA;154;1.08;False
MARAHOUE;137;KOUETINFLA ET SINFRA, COMMUNES ET SOUS-PREFECTURES;147;48502;14650;30.2;350;14300;106;0.74;INDEPENDANT;KOFFI YAO APPOLINAIRE;173;1.21;False
MARAHOUE;137;KOUETINFLA ET SINFRA, COMMUNES ET SOUS-PREFECTURES;147;48502;14650;30.2;350;14300;106;0.74;INDEPENDANT;BOTTY BI NEDRO SERGE;2913;20.37;False
MARAHOUE;137;KOUETINFLA ET SINFRA, COMMUNES ET SOUS-PREFECTURES;147;48502;14650;30.2;350;14300;106;0.74;INDEPENDANT;KONE NGOLO LASSINA KONE;123;0.86;False
MARAHOUE;137;KOUETINFLA ET SINFRA, COMMUNES ET SOUS-PREFECTURES;147;48502;14650;30.2;350;14300;106;0.74;INDEPENDANT;YEO SOULEYMANE OUATTARA;313;2.19;False
MARAHOUE;137;KOUETINFLA ET SINFRA, COMMUNES ET SOUS-PREFECTURES;147;48502;14650;30.2;350;14300;106;0.74;INDEPENDANT;KOUYATE SANAKRO;741;5.18;False
MARAHOUE;137;KOUETINFLA ET SINFRA, COMMUNES ET SOUS-PREFECTURES;147;48502;14650;30.2;350;14300;106;0.74;GP-PAIX;SERY BI BOLY EMMANUEL;95;0.66;False
MARAHOUE;137;KOUETINFLA ET SINFRA, COMMUNES ET SOUS-PREFECTURES;147;48502;14650;30.2;350;14300;106;0.74;CODE;BOTTY KOMON ALEXIS;97;0.68;False
MARAHOUE;137;KOUETINFLA ET SINFRA, COMMUNES ET SOUS-PREFECTURES;147;48502;14650;30.2;350;14300;106;0.74;PDCI-RDA;TCHEL-BI LAHORE GHISLAIN;910;6.36;False
MARAHOUE;137;KOUETINFLA ET SINFRA, COMMUNES ET SOUS-PREFECTURES;147;48502;14650;30.2;350;14300;106;0.74;INDEPENDANT;GOORE BI GNAMIEN WILLY TAUNIN;205;1.43;False
MARAHOUE;138;GOHITAFLA, IRIEFLA, MAMINIGUI, COMMUNES ET SOUS-PREFECTURES;69;22447;6845;30.49;119;6726;94;1.4;UDP;GBAMENIN BI TRA;1209;17.98;False
MARAHOUE;138;GOHITAFLA, IRIEFLA, MAMINIGUI, COMMUNES ET SOUS-PREFECTURES;69;22447;6845;30.49;119;6726;94;1.4;INDEPENDANT;DJE BI GOHAI AUDRIC-LANDRY;1055;15.69;False
MARAHOUE;138;GOHITAFLA, IRIEFLA, MAMINIGUI, COMMUNES ET SOUS-PREFECTURES;69;22447;6845;30.49;119;6726;94;1.4;INDEPENDANT;DJE EPSE TIE BI LOU TRA;214;3.18;False
MARAHOUE;138;GOHITAFLA, IRIEFLA, MAMINIGUI, COMMUNES ET SOUS-PREFECTURES;69;22447;6845;30.49;119;6726;94;1.4;RHDP;ZAMBLE NAYA NAOMI JARVIS;3037;45.15;True
MARAHOUE;138;GOHITAFLA, IRIEFLA, MAMINIGUI, COMMUNES ET SOUS-PREFECTURES;69;22447;6845;30.49;119;6726;94;1.4;INDEPENDANT;YOUAN BI TRAZIE BERTRAND ATHANASE;761;11.31;False
MARAHOUE;138;GOHITAFLA, IRIEFLA, MAMINIGUI, COMMUNES ET SOUS-PREFECTURES;69;22447;6845;30.49;119;6726;94;1.4;ADCI;IRIE BI ZOU FULBERT;13;0.19;False
MARAHOUE;138;GOHITAFLA, IRIEFLA, MAMINIGUI, COMMUNES ET SOUS-PREFECTURES;69;22447;6845;30.49;119;6726;94;1.4;PDCI-RDA;DJE BI SAMEDI BERNARD ZEHOUA;138;2.05;False
MARAHOUE;138;GOHITAFLA, IRIEFLA, MAMINIGUI, COMMUNES ET SOUS-PREFECTURES;69;22447;6845;30.49;119;6726;94;1.4;MGC;IRIE BI IRIE AMBROISE;67;1.0;False
MARAHOUE;138;GOHITAFLA, IRIEFLA, MAMINIGUI, COMMUNES ET SOUS-PREFECTURES;69;22447;6845;30.49;119;6726;94;1.4;INDEPENDANT;DIDI BI TRA SYLVAIN;138;2.05;False
MARAHOUE;139;KANZRA, VOUEBOUFLA, ZANZRA, COMMUNES ET SOUS-PREFECTURES, ZUENOULA, SOUS-PREFECTURE;88;23114;7950;34.39;251;7699;162;2.1;INDEPENDANT;SEHI BI KOUE ALPHONSE;2210;28.71;True
MARAHOUE;139;KANZRA, VOUEBOUFLA, ZANZRA, COMMUNES ET SOUS-PREFECTURES, ZUENOULA, SOUS-PREFECTURE;88;23114;7950;34.39;251;7699;162;2.1;RHDP;DJO BI MIZAN HONORE DES AMIS;1720;22.34;False
MARAHOUE;139;KANZRA, VOUEBOUFLA, ZANZRA, COMMUNES ET SOUS-PREFECTURES, ZUENOULA, SOUS-PREFECTURE;88;23114;7950;34.39;251;7699;162;2.1;INDEPENDANT;ZA BI ZAN MARCEL PAGNOL;322;4.18;False
MARAHOUE;139;KANZRA, VOUEBOUFLA, ZANZRA, COMMUNES ET SOUS-PREFECTURES, ZUENOULA, SOUS-PREFECTURE;88;23114;7950;34.39;251;7699;162;2.1;INDEPENDANT;VAMI BI NENE JOSEPH;1841;23.91;False
MARAHOUE;139;KANZRA, VOUEBOUFLA, ZANZRA, COMMUNES ET SOUS-PREFECTURES, ZUENOULA, SOUS-PREFECTURE;88;23114;7950;34.39;251;7699;162;2.1;INDEPENDANT;YOUAN BI TRA JEAN-CLAUDE;878;11.4;False
MARAHOUE;139;KANZRA, VOUEBOUFLA, ZANZRA, COMMUNES ET SOUS-PREFECTURES, ZUENOULA, SOUS-PREFECTURE;88;23114;7950;34.39;251;7699;162;2.1;ADCI;ZOHOU BI NENON HONORE;223;2.9;False
MARAHOUE;139;KANZRA, VOUEBOUFLA, ZANZRA, COMMUNES ET SOUS-PREFECTURES, ZUENOULA, SOUS-PREFECTURE;88;23114;7950;34.39;251;7699;162;2.1;INDEPENDANT;IRIE BI ZORO SAMUEL;178;2.31;False
MARAHOUE;139;KANZRA, VOUEBOUFLA, ZANZRA, COMMUNES ET SOUS-PREFECTURES, ZUENOULA, SOUS-PREFECTURE;88;23114;7950;34.39;251;7699;162;2.1;CODE;TRA BI CA PAUL;51;0.66;False
MARAHOUE;139;KANZRA, VOUEBOUFLA, ZANZRA, COMMUNES ET SOUS-PREFECTURES, ZUENOULA, SOUS-PREFECTURE;88;23114;7950;34.39;251;7699;162;2.1;INDEPENDANT;SIKA BI BOLOU BERENGER;114;1.48;False
MARAHOUE;140;ZUENOULA, COMMUNE;48;18540;5342;28.81;126;5216;53;1.02;INDEPENDANT;DJE-BI-DJE OLIVIER VAMY;1462;28.03;False
MARAHOUE;140;ZUENOULA, COMMUNE;48;18540;5342;28.81;126;5216;53;1.02;INDEPENDANT;BOUE BI IRIE MARCELIN;73;1.4;False
MARAHOUE;140;ZUENOULA, COMMUNE;48;18540;5342;28.81;126;5216;53;1.02;CODE;KAHOU BI KALOU ROMEO;4;0.08;False
MARAHOUE;140;ZUENOULA, COMMUNE;48;18540;5342;28.81;126;5216;53;1.02;INDEPENDANT;TAH BI TIE EVARISTE;9;0.17;False
MARAHOUE;140;ZUENOULA, COMMUNE;48;18540;5342;28.81;126;5216;53;1.02;RHDP;SOULEYMANE KONE;1891;36.25;True
MARAHOUE;140;ZUENOULA, COMMUNE;48;18540;5342;28.81;126;5216;53;1.02;INDEPENDANT;KARAMOKO GAHOUSSOU;284;5.44;False
MARAHOUE;140;ZUENOULA, COMMUNE;48;18540;5342;28.81;126;5216;53;1.02;INDEPENDANT;DIALLO HABIB PEGAHTIEN;766;14.69;False
MARAHOUE;140;ZUENOULA, COMMUNE;48;18540;5342;28.81;126;5216;53;1.02;INDEPENDANT;TOURE KALPI GISELLE;674;12.92;False
MORONOU;154;ARRAH, KOTOBI ET KREGBE, COMMUNES ET SOUS-PREFECTURES;95;34560;14012;40.54;424;13588;122;0.9;INDEPENDANT;BEKOIN EHORODOU JORIS BENJAMIN;244;1.8;False
MORONOU;154;ARRAH, KOTOBI ET KREGBE, COMMUNES ET SOUS-PREFECTURES;95;34560;14012;40.54;424;13588;122;0.9;RHDP;N'GUESSAN AHONDJOU;9625;70.83;True
MORONOU;154;ARRAH, KOTOBI ET KREGBE, COMMUNES ET SOUS-PREFECTURES;95;34560;14012;40.54;424;13588;122;0.9;INDEPENDANT;KOUADIO KOUAKOU JULIEN;178;1.31;False
MORONOU;154;ARRAH, KOTOBI ET KREGBE, COMMUNES ET SOUS-PREFECTURES;95;34560;14012;40.54;424;13588;122;0.9;PDCI-RDA;KWABENA KOUASSI STEPHANE;3419;25.16;False
MORONOU;157;BONGOUANOU, COMMUNE;68;24670;7232;29.31;246;6986;54;0.77;INDEPENDANT;AKA BONI MARC;1152;16.49;False
MORONOU;157;BONGOUANOU, COMMUNE;68;24670;7232;29.31;246;6986;54;0.77;INDEPENDANT;HAMIAN OI HAMIAN ETIENNE;76;1.09;False
MORONOU;157;BONGOUANOU, COMMUNE;68;24670;7232;29.31;246;6986;54;0.77;INDEPENDANT;KOUAME NGUADAH GEORGES;177;2.53;False
MORONOU;157;BONGOUANOU, COMMUNE;68;24670;7232;29.31;246;6986;54;0.77;RHDP;ASSOUGBA JACOB AMOIN;2933;41.98;True
MORONOU;157;BONGOUANOU, COMMUNE;68;24670;7232;29.31;246;6986;54;0.77;INDEPENDANT;ETTIEN AKA JEAN-CHARLES;51;0.73;False
MORONOU;157;BONGOUANOU, COMMUNE;68;24670;7232;29.31;246;6986;54;0.77;INDEPENDANT;AKESSE TEHIA EMILIENNE;72;1.03;False
MORONOU;157;BONGOUANOU, COMMUNE;68;24670;7232;29.31;246;6986;54;0.77;ADCI;EHUI ASSOUO BENOIT;30;0.43;False
MORONOU;157;BONGOUANOU, COMMUNE;68;24670;7232;29.31;246;6986;54;0.77;INDEPENDANT;GOLI TINAN ESTELLE AURELIE;624;8.93;False
MORONOU;157;BONGOUANOU, COMMUNE;68;24670;7232;29.31;246;6986;54;0.77;FPI;KASSI PASCAL TANO;965;13.81;False
MORONOU;157;BONGOUANOU, COMMUNE;68;24670;7232;29.31;246;6986;54;0.77;PDCI-RDA;KABLAN ANZIAN ANDRE;852;12.2;False
MORONOU;158;ANDE, ASSIE-KOUMASSI ET N'GUESSANKRO, COMMUNES ET SOUS-PREFECTURES ET BONGOUANOU SOUS-PREFECTURE;92;34019;10414;30.61;439;9975;110;1.1;INDEPENDANT;KOUAME MESMIN KOMOE;2214;22.2;False
MORONOU;158;ANDE, ASSIE-KOUMASSI ET N'GUESSANKRO, COMMUNES ET SOUS-PREFECTURES ET BONGOUANOU SOUS-PREFECTURE;92;34019;10414;30.61;439;9975;110;1.1;INDEPENDANT;EHOUSSOU MELISSA SOMA FLORA;472;4.73;False
MORONOU;158;ANDE, ASSIE-KOUMASSI ET N'GUESSANKRO, COMMUNES ET SOUS-PREFECTURES ET BONGOUANOU SOUS-PREFECTURE;92;34019;10414;30.61;439;9975;110;1.1;INDEPENDANT;ETILE ABOH FREDERIC;63;0.63;False
MORONOU;158;ANDE, ASSIE-KOUMASSI ET N'GUESSANKRO, COMMUNES ET SOUS-PREFECTURES ET BONGOUANOU SOUS-PREFECTURE;92;34019;10414;30.61;439;9975;110;1.1;INDEPENDANT;TEHOUA KISSI THEOPHILE;100;1.0;False
MORONOU;158;ANDE, ASSIE-KOUMASSI ET N'GUESSANKRO, COMMUNES ET SOUS-PREFECTURES ET BONGOUANOU SOUS-PREFECTURE;92;34019;10414;30.61;439;9975;110;1.1;RHDP;FETE ANE BENJAMIN;2218;22.24;False
MORONOU;158;ANDE, ASSIE-KOUMASSI ET N'GUESSANKRO, COMMUNES ET SOUS-PREFECTURES ET BONGOUANOU SOUS-PREFECTURE;92;34019;10414;30.61;439;9975;110;1.1;INDEPENDANT;AMOA EBY ANICET;824;8.26;False
MORONOU;158;ANDE, ASSIE-KOUMASSI ET N'GUESSANKRO, COMMUNES ET SOUS-PREFECTURES ET BONGOUANOU SOUS-PREFECTURE;92;34019;10414;30.61;439;9975;110;1.1;INDEPENDANT;KOUA CHARLES-PHILIPPS KINIMO;327;3.28;False
MORONOU;158;ANDE, ASSIE-KOUMASSI ET N'GUESSANKRO, COMMUNES ET SOUS-PREFECTURES ET BONGOUANOU SOUS-PREFECTURE;92;34019;10414;30.61;439;9975;110;1.1;ADCI;BOSSON BROU KOWOUSSA EVARISTE;249;2.5;False
MORONOU;158;ANDE, ASSIE-KOUMASSI ET N'GUESSANKRO, COMMUNES ET SOUS-PREFECTURES ET BONGOUANOU SOUS-PREFECTURE;92;34019;10414;30.61;439;9975;110;1.1;FPI;DIBY KOKORA BOADY BERNARD;3093;31.01;True
MORONOU;158;ANDE, ASSIE-KOUMASSI ET N'GUESSANKRO, COMMUNES ET SOUS-PREFECTURES ET BONGOUANOU SOUS-PREFECTURE;92;34019;10414;30.61;439;9975;110;1.1;INDEPENDANT;AHONON ROMEO RAOUL ANE;60;0.6;False
MORONOU;158;ANDE, ASSIE-KOUMASSI ET N'GUESSANKRO, COMMUNES ET SOUS-PREFECTURES ET BONGOUANOU SOUS-PREFECTURE;92;34019;10414;30.61;439;9975;110;1.1;INDEPENDANT;KASSI KOUAME JEAN-BAPTISTE;245;2.46;False
MORONOU;161;ANOUMABA ET TIEMELEKRO, COMMUNES ET SOUS-PREFECTURES;65;19083;8372;43.87;317;8055;80;0.99;RHDP;KOUAKOU DAPA YAO KOSSONOU MARCELLIN;2862;35.53;False
MORONOU;161;ANOUMABA ET TIEMELEKRO, COMMUNES ET SOUS-PREFECTURES;65;19083;8372;43.87;317;8055;80;0.99;ADCI;AKA NZI SEVERIN;121;1.5;False
MORONOU;161;ANOUMABA ET TIEMELEKRO, COMMUNES ET SOUS-PREFECTURES;65;19083;8372;43.87;317;8055;80;0.99;FPI;KOUAME KONGO GREGOIRE;1265;15.7;False
MORONOU;161;ANOUMABA ET TIEMELEKRO, COMMUNES ET SOUS-PREFECTURES;65;19083;8372;43.87;317;8055;80;0.99;INDEPENDANT;NIAMIAN N'GUESSAN RAOUL THIBAUT;732;9.09;False
MORONOU;161;ANOUMABA ET TIEMELEKRO, COMMUNES ET SOUS-PREFECTURES;65;19083;8372;43.87;317;8055;80;0.99;PDCI-RDA;AKA DESQUITH AMBROISE;2995;37.18;True
MORONOU;162;ASSAHARA ET M'BATTO, COMMUNES ET SOUS-PREFECTURES;83;27427;9770;35.62;446;9324;59;0.63;INDEPENDANT;KANGA KACOU ANTOINE;3346;35.89;True
MORONOU;162;ASSAHARA ET M'BATTO, COMMUNES ET SOUS-PREFECTURES;83;27427;9770;35.62;446;9324;59;0.63;UDCY;KOUADIO DOUCA MARCELLIN;67;0.72;False
MORONOU;162;ASSAHARA ET M'BATTO, COMMUNES ET SOUS-PREFECTURES;83;27427;9770;35.62;446;9324;59;0.63;RHDP;NIAMIAN KOKOLO JEAN-PIERRE;2604;27.93;False
MORONOU;162;ASSAHARA ET M'BATTO, COMMUNES ET SOUS-PREFECTURES;83;27427;9770;35.62;446;9324;59;0.63;INDEPENDANT;COULIBALY ABIBA EPSE COULIBALY;56;0.6;False
MORONOU;162;ASSAHARA ET M'BATTO, COMMUNES ET SOUS-PREFECTURES;83;27427;9770;35.62;446;9324;59;0.63;INDEPENDANT;MOREAU KABLAN BILE CHARLES ARMEL;223;2.39;False
MORONOU;162;ASSAHARA ET M'BATTO, COMMUNES ET SOUS-PREFECTURES;83;27427;9770;35.62;446;9324;59;0.63;ADCI;KOUAME DJA ESSAN FRANCOIS;361;3.87;False
MORONOU;162;ASSAHARA ET M'BATTO, COMMUNES ET SOUS-PREFECTURES;83;27427;9770;35.62;446;9324;59;0.63;INDEPENDANT;KOUAME TIEMELE;72;0.77;False
MORONOU;162;ASSAHARA ET M'BATTO, COMMUNES ET SOUS-PREFECTURES;83;27427;9770;35.62;446;9324;59;0.63;PDCI-RDA;AKA AMANAN VERONIQUE;2536;27.2;False
NAWA;148;DABOUYO ET GUEYO, COMMUNES ET SOUS-PREFECTURES;73;19218;5564;28.95;202;5362;50;0.93;INDEPENDANT;KOFFI DJAH DANIEL;105;1.96;False
NAWA;148;DABOUYO ET GUEYO, COMMUNES ET SOUS-PREFECTURES;73;19218;5564;28.95;202;5362;50;0.93;INDEPENDANT;SALIA BLE SOLANGE;117;2.18;False
NAWA;148;DABOUYO ET GUEYO, COMMUNES ET SOUS-PREFECTURES;73;19218;5564;28.95;202;5362;50;0.93;INDEPENDANT;BONI TANO N'GUESSAN NOELLE MARIE EPOUSE EKPONON;1337;24.93;False
NAWA;148;DABOUYO ET GUEYO, COMMUNES ET SOUS-PREFECTURES;73;19218;5564;28.95;202;5362;50;0.93;GP-PAIX;KANGAH AMANI SERGE;174;3.25;False
NAWA;148;DABOUYO ET GUEYO, COMMUNES ET SOUS-PREFECTURES;73;19218;5564;28.95;202;5362;50;0.93;RHDP;ZEKRE ZADI CHRIST-YVAN;1597;29.78;True
NAWA;148;DABOUYO ET GUEYO, COMMUNES ET SOUS-PREFECTURES;73;19218;5564;28.95;202;5362;50;0.93;INDEPENDANT;DOGUI MARIE-NOELLE;1256;23.42;False
NAWA;148;DABOUYO ET GUEYO, COMMUNES ET SOUS-PREFECTURES;73;19218;5564;28.95;202;5362;50;0.93;ADCI;KOUADIO KONAN CALVIN;57;1.06;False
NAWA;148;DABOUYO ET GUEYO, COMMUNES ET SOUS-PREFECTURES;73;19218;5564;28.95;202;5362;50;0.93;PDCI-RDA;BLE SAILLY FELIX;669;12.48;False
NAWA;149;BUYO ET DAPEOUA, COMMUNES ET SOUS-PREFECTURES;115;27640;6852;24.79;323;6529;99;1.52;RHDP;UNE COTE DIVOIRE EN PAIX, PROSPERE ET SOLIDAIRE;2911;44.59;False
NAWA;149;BUYO ET DAPEOUA, COMMUNES ET SOUS-PREFECTURES;115;27640;6852;24.79;323;6529;99;1.52;PDCI-RDA;TOUS ENSEMBLE POUR LA CÔTE D'IVOIRE;3448;52.81;True
NAWA;149;BUYO ET DAPEOUA, COMMUNES ET SOUS-PREFECTURES;115;27640;6852;24.79;323;6529;99;1.52;INDEPENDANT;POUR LE DEVELOPPEMENT DE BUYO, JE VOTE UTILE;71;1.09;False
NAWA;150;GNAMANGUI, MEAGUI ET OUPOYO, COMMUNES ET SOUS-PREFECTURES;214;57090;12968;22.72;671;12297;136;1.11;INDEPENDANT;ENSEMBLE POUR MEAGUI;2286;18.59;False
NAWA;150;GNAMANGUI, MEAGUI ET OUPOYO, COMMUNES ET SOUS-PREFECTURES;214;57090;12968;22.72;671;12297;136;1.11;RHDP;UNE CÔTE DIVOIRE EN PAIX, PROSPERE ET SOLIDAIRE;2877;23.4;False
NAWA;150;GNAMANGUI, MEAGUI ET OUPOYO, COMMUNES ET SOUS-PREFECTURES;214;57090;12968;22.72;671;12297;136;1.11;PDCI-RDA;TOUS ENSEMBLE POUR LA CÔTE D'IVOIRE;6881;55.96;True
NAWA;150;GNAMANGUI, MEAGUI ET OUPOYO, COMMUNES ET SOUS-PREFECTURES;214;57090;12968;22.72;671;12297;136;1.11;INDEPENDANT;CITOYEN ENGAGE POUR LE PEUPLE;117;0.95;False
NAWA;151;GRAND-ZATIRY, COMMUNES ET SOUS-PREFECTURE;70;19273;6190;32.12;244;5946;49;0.82;INDEPENDANT;SAYERE MARTIAL OUPOH;1006;16.92;False
NAWA;151;GRAND-ZATIRY, COMMUNES ET SOUS-PREFECTURE;70;19273;6190;32.12;244;5946;49;0.82;INDEPENDANT;SAHIFO ALIGBA ARNAUD;432;7.27;False
NAWA;151;GRAND-ZATIRY, COMMUNES ET SOUS-PREFECTURE;70;19273;6190;32.12;244;5946;49;0.82;INDEPENDANT;DJEDJE MADOU JOEL;199;3.35;False
NAWA;151;GRAND-ZATIRY, COMMUNES ET SOUS-PREFECTURE;70;19273;6190;32.12;244;5946;49;0.82;RHDP;ZAKO OUPO ESAIE;1559;26.22;False
NAWA;151;GRAND-ZATIRY, COMMUNES ET SOUS-PREFECTURE;70;19273;6190;32.12;244;5946;49;0.82;INDEPENDANT;DOBO RENAUD MARCEL ANDREA;171;2.88;False
NAWA;151;GRAND-ZATIRY, COMMUNES ET SOUS-PREFECTURE;70;19273;6190;32.12;244;5946;49;0.82;INDEPENDANT;SERI HORTENSE EMMA;619;10.41;False
NAWA;151;GRAND-ZATIRY, COMMUNES ET SOUS-PREFECTURE;70;19273;6190;32.12;244;5946;49;0.82;PDCI-RDA;GOBO YOKORE BERNARD;1886;31.72;True
NAWA;151;GRAND-ZATIRY, COMMUNES ET SOUS-PREFECTURE;70;19273;6190;32.12;244;5946;49;0.82;INDEPENDANT;SERY KOBOU FABRICE;25;0.42;False
NAWA;152;LILIYO ET OKROUYO, COMMUNES ET SOUS-PREFECTURES;145;34787;9285;26.69;409;8876;117;1.32;INDEPENDANT;KOUADIO GBOGBO ERIC;430;4.84;False
NAWA;152;LILIYO ET OKROUYO, COMMUNES ET SOUS-PREFECTURES;145;34787;9285;26.69;409;8876;117;1.32;RHDP;KONE DOSSOGUI;3130;35.26;True
NAWA;152;LILIYO ET OKROUYO, COMMUNES ET SOUS-PREFECTURES;145;34787;9285;26.69;409;8876;117;1.32;INDEPENDANT;BONI N'GUESSAN PLACIDE-STEPHANE;165;1.86;False
NAWA;152;LILIYO ET OKROUYO, COMMUNES ET SOUS-PREFECTURES;145;34787;9285;26.69;409;8876;117;1.32;INDEPENDANT;GBAHI DJOUA LUC;1211;13.64;False
NAWA;152;LILIYO ET OKROUYO, COMMUNES ET SOUS-PREFECTURES;145;34787;9285;26.69;409;8876;117;1.32;INDEPENDANT;ADOU LANDRY JEAN-FRANCOIS;182;2.05;False
NAWA;152;LILIYO ET OKROUYO, COMMUNES ET SOUS-PREFECTURES;145;34787;9285;26.69;409;8876;117;1.32;PDCI-RDA;KOUADIA BEDI NOEL-OLIVIER;2457;27.68;False
NAWA;152;LILIYO ET OKROUYO, COMMUNES ET SOUS-PREFECTURES;145;34787;9285;26.69;409;8876;117;1.32;INDEPENDANT;ZADI ZADI PATRICK ANDERSON;1184;13.34;False
NAWA;153;SOUBRE, COMMUNES ET SOUS-PREFECTURE;160;53618;9246;17.24;301;8945;79;0.88;INDEPENDANT;COULIBALY SEKOU;706;7.89;False
NAWA;153;SOUBRE, COMMUNES ET SOUS-PREFECTURE;160;53618;9246;17.24;301;8945;79;0.88;INDEPENDANT;ZIRIGNON SEKOU LIGNON;1341;14.99;False
NAWA;153;SOUBRE, COMMUNES ET SOUS-PREFECTURE;160;53618;9246;17.24;301;8945;79;0.88;INDEPENDANT;KOFFI KOUADIO OBED;87;0.97;False
NAWA;153;SOUBRE, COMMUNES ET SOUS-PREFECTURE;160;53618;9246;17.24;301;8945;79;0.88;INDEPENDANT;KOUADIO KONAN KANH JULIEN;20;0.22;False
NAWA;153;SOUBRE, COMMUNES ET SOUS-PREFECTURE;160;53618;9246;17.24;301;8945;79;0.88;RHDP;SANGARE MOUSSA;4103;45.87;True
NAWA;153;SOUBRE, COMMUNES ET SOUS-PREFECTURE;160;53618;9246;17.24;301;8945;79;0.88;INDEPENDANT;KONE MAMADOU;85;0.95;False
NAWA;153;SOUBRE, COMMUNES ET SOUS-PREFECTURE;160;53618;9246;17.24;301;8945;79;0.88;PDCI-RDA;DABA DAGNOGO;2524;28.22;False
N'ZI;155;BENGASSOU, BOCANDA, KOUADIOBLEKRO ET N'ZECREZESSOU, COMMUNES ET SOUS-PREFECTURES;157;44988;18242;40.55;791;17451;252;1.44;INDEPENDANT;BOCANDA CEST CHEZ NOUS;2548;14.6;False
N'ZI;155;BENGASSOU, BOCANDA, KOUADIOBLEKRO ET N'ZECREZESSOU, COMMUNES ET SOUS-PREFECTURES;157;44988;18242;40.55;791;17451;252;1.44;INDEPENDANT;GENERATION UNIE ET SOLIDAIRE;752;4.31;False
N'ZI;155;BENGASSOU, BOCANDA, KOUADIOBLEKRO ET N'ZECREZESSOU, COMMUNES ET SOUS-PREFECTURES;157;44988;18242;40.55;791;17451;252;1.44;CNDCI;COHESION-JUSTICE-DEVELOPPEMENT;404;2.32;False
N'ZI;155;BENGASSOU, BOCANDA, KOUADIOBLEKRO ET N'ZECREZESSOU, COMMUNES ET SOUS-PREFECTURES;157;44988;18242;40.55;791;17451;252;1.44;RHDP;UNE CÔTE DIVOIRE EN PAIX, PROSPÈRE ET SOLIDAIRE;5608;32.14;False
N'ZI;155;BENGASSOU, BOCANDA, KOUADIOBLEKRO ET N'ZECREZESSOU, COMMUNES ET SOUS-PREFECTURES;157;44988;18242;40.55;791;17451;252;1.44;PDCI-RDA;TOUS ENSEMBLE POUR LA CÔTE D'IVOIRE;7887;45.2;True
N'ZI;156;KOUASSI-KOUASSIKRO, COMMUNES ET SOUS-PREFECTURE;46;13333;5319;39.89;227;5092;70;1.37;INDEPENDANT;KOUAKOU KOUADIO JOSEPH;1128;22.15;False
N'ZI;156;KOUASSI-KOUASSIKRO, COMMUNES ET SOUS-PREFECTURE;46;13333;5319;39.89;227;5092;70;1.37;INDEPENDANT;KOFFI AMANI FERDINAND;256;5.03;False
N'ZI;156;KOUASSI-KOUASSIKRO, COMMUNES ET SOUS-PREFECTURE;46;13333;5319;39.89;227;5092;70;1.37;RHDP;KOUASSI KOUAKOU NARCISSE;2116;41.56;True
N'ZI;156;KOUASSI-KOUASSIKRO, COMMUNES ET SOUS-PREFECTURE;46;13333;5319;39.89;227;5092;70;1.37;INDEPENDANT;KANGAH KONAN DENIS;35;0.69;False
N'ZI;156;KOUASSI-KOUASSIKRO, COMMUNES ET SOUS-PREFECTURE;46;13333;5319;39.89;227;5092;70;1.37;INDEPENDANT;YAPO BERTHE TATIANA;227;4.46;False
N'ZI;156;KOUASSI-KOUASSIKRO, COMMUNES ET SOUS-PREFECTURE;46;13333;5319;39.89;227;5092;70;1.37;PDCI-RDA;YAO KOFFI JEAN PAUL;1260;24.74;False
N'ZI;159;ABIGUI, DIANGOKRO ET NOFOU, COMMUNES ET SOUS-PREFECTURES;50;13202;5902;44.71;216;5686;53;0.93;INDEPENDANT;N'GUESSAN JOLIANE CLAIRE EPOUSE KOUAKOU;117;2.06;False
N'ZI;159;ABIGUI, DIANGOKRO ET NOFOU, COMMUNES ET SOUS-PREFECTURES;50;13202;5902;44.71;216;5686;53;0.93;RHDP;KOFFI EUGENE;1838;32.33;False
N'ZI;159;ABIGUI, DIANGOKRO ET NOFOU, COMMUNES ET SOUS-PREFECTURES;50;13202;5902;44.71;216;5686;53;0.93;INDEPENDANT;ALLOU CHRISTOPHE N'GORAN;1304;22.93;False
N'ZI;159;ABIGUI, DIANGOKRO ET NOFOU, COMMUNES ET SOUS-PREFECTURES;50;13202;5902;44.71;216;5686;53;0.93;PIA/CODE;KOUADIO KOUASSI MARIUS;35;0.62;False
N'ZI;159;ABIGUI, DIANGOKRO ET NOFOU, COMMUNES ET SOUS-PREFECTURES;50;13202;5902;44.71;216;5686;53;0.93;INDEPENDANT;KOUAME KOUADIO GERARD;161;2.83;False
N'ZI;159;ABIGUI, DIANGOKRO ET NOFOU, COMMUNES ET SOUS-PREFECTURES;50;13202;5902;44.71;216;5686;53;0.93;PDCI-RDA;LANGUI KOUADIO MARC;2178;38.3;True
N'ZI;160;DIMBOKRO, COMMUNE ET SOUS-PREFECTURE;99;36237;10564;29.15;401;10163;64;0.63;INDEPENDANT;NZI YANN-GABRIEL DIBY;405;3.99;False
N'ZI;160;DIMBOKRO, COMMUNE ET SOUS-PREFECTURE;99;36237;10564;29.15;401;10163;64;0.63;INDEPENDANT;DJAHA JEAN PARNELL;157;1.54;False
N'ZI;160;DIMBOKRO, COMMUNE ET SOUS-PREFECTURE;99;36237;10564;29.15;401;10163;64;0.63;INDEPENDANT;AKA AKESSE KOUADIO VINCENT;231;2.27;False
N'ZI;160;DIMBOKRO, COMMUNE ET SOUS-PREFECTURE;99;36237;10564;29.15;401;10163;64;0.63;RHDP;COULIBALY ADAMA;6793;66.84;True
N'ZI;160;DIMBOKRO, COMMUNE ET SOUS-PREFECTURE;99;36237;10564;29.15;401;10163;64;0.63;PDCI-RDA;KONAN KOUAKOU RENE;2513;24.73;False
PORO;163;BORON, DIKODOUGOU ET GUIEMBE, COMMUNES ET SOUS-PREFECTURES;103;28727;13999;48.73;246;13753;363;2.64;RHDP;COULIBALY ISSA;6287;45.71;True
PORO;163;BORON, DIKODOUGOU ET GUIEMBE, COMMUNES ET SOUS-PREFECTURES;103;28727;13999;48.73;246;13753;363;2.64;INDEPENDANT;BAKAYOKO DAOUDA TENEMANGAN;3849;27.99;False
PORO;163;BORON, DIKODOUGOU ET GUIEMBE, COMMUNES ET SOUS-PREFECTURES;103;28727;13999;48.73;246;13753;363;2.64;INDEPENDANT;SORO KADOGNON CHARLES;243;1.77;False
PORO;163;BORON, DIKODOUGOU ET GUIEMBE, COMMUNES ET SOUS-PREFECTURES;103;28727;13999;48.73;246;13753;363;2.64;INDEPENDANT;AMINATA OUATTARA;3011;21.89;False
PORO;164;BOUGOU, KATOGO ET M'BENGUE, COMMUNES ET SOUS-PREFECTURES;102;32495;20095;61.84;218;19877;640;3.22;INDEPENDANT;SORO NGOLOGNINHE MAMADOU;7806;39.27;False
PORO;164;BOUGOU, KATOGO ET M'BENGUE, COMMUNES ET SOUS-PREFECTURES;102;32495;20095;61.84;218;19877;640;3.22;RHDP;COULIBALY ALI KADER;11349;57.1;True
PORO;164;BOUGOU, KATOGO ET M'BENGUE, COMMUNES ET SOUS-PREFECTURES;102;32495;20095;61.84;218;19877;640;3.22;INDEPENDANT;DIABATE HAMIDOU;82;0.41;False
PORO;165;KATIALI ET NIOFOIN, COMMUNES ET SOUS-PREFECTURES;61;16977;11753;69.23;267;11486;225;1.96;RHDP;SORO FOBEH;4605;40.09;False
PORO;165;KATIALI ET NIOFOIN, COMMUNES ET SOUS-PREFECTURES;61;16977;11753;69.23;267;11486;225;1.96;INDEPENDANT;SORO ZANA;6656;57.95;True
PORO;166;DASSOUNGBOHO ET TIORONIARADOUGOU, COMMUNES ET SOUS-PREFECTURES;44;14548;7943;54.6;153;7790;179;2.3;INDEPENDANT;YEO YALLAMISSA;497;6.38;False
PORO;166;DASSOUNGBOHO ET TIORONIARADOUGOU, COMMUNES ET SOUS-PREFECTURES;44;14548;7943;54.6;153;7790;179;2.3;INDEPENDANT;COULIBALY DIEUDONNE NANGA;3022;38.79;False
PORO;166;DASSOUNGBOHO ET TIORONIARADOUGOU, COMMUNES ET SOUS-PREFECTURES;44;14548;7943;54.6;153;7790;179;2.3;RHDP;BAMBA KASSOUM;4092;52.53;True
PORO;167;KARAKORO ET KOMBORODOUGOU, COMMUNES ET SOUS-PREFECTURES;76;19557;11288;57.72;151;11137;118;1.06;INDEPENDANT;OUATTARA ADAMA BEMITIAN;6484;58.22;True
PORO;167;KARAKORO ET KOMBORODOUGOU, COMMUNES ET SOUS-PREFECTURES;76;19557;11288;57.72;151;11137;118;1.06;RHDP;TUO SERIBA;4535;40.72;False
PORO;168;KANOROBA, NAFOUN ET SIRASSO, COMMUNES ET SOUS-PREFECTURES;66;21203;12611;59.48;205;12406;337;2.72;INDEPENDANT;SIRIKI SEKONGO PELEMON;2868;23.12;False
PORO;168;KANOROBA, NAFOUN ET SIRASSO, COMMUNES ET SOUS-PREFECTURES;66;21203;12611;59.48;205;12406;337;2.72;INDEPENDANT;SILUE NANZOUAN PATRICE;2109;17.0;False
PORO;168;KANOROBA, NAFOUN ET SIRASSO, COMMUNES ET SOUS-PREFECTURES;66;21203;12611;59.48;205;12406;337;2.72;RHDP;SORO KANIGUI MAMADOU;7092;57.17;True
PORO;169;KIEMOU ET NAPIE, COMMUNES ET SOUS-PREFECTURES;73;21396;9378;43.83;135;9243;168;1.82;INDEPENDANT;SORO SETIENGOLO;1568;16.96;False
PORO;169;KIEMOU ET NAPIE, COMMUNES ET SOUS-PREFECTURES;73;21396;9378;43.83;135;9243;168;1.82;RHDP;SOULEYMANE SILUE;4544;49.16;True
PORO;169;KIEMOU ET NAPIE, COMMUNES ET SOUS-PREFECTURES;73;21396;9378;43.83;135;9243;168;1.82;INDEPENDANT;SORO PENATIRGUE;2963;32.06;False
PORO;170;KOMBOLOKOURA, KONI ET LATAHA, COMMUNES ET SOUS-PREFECTURES, KORHOGO SOUS-PREFECTURE;106;34511;32994;95.6;12;32982;1;0.0;RHDP;AMADOU COULIBALY;32981;100.0;True
PORO;171;KORHOGO, VILLE;371;149223;142250;95.33;258;141992;108;0.08;RHDP;UNE CÔTE D'IVOIRE EN PAIX PROSPERE ET SOLIDAIRE;141884;99.92;True
PORO;172;KAGBOLODOUGOU, SEDIOGO ET SINEMATIALI, COMMUNES ET SOUS-PREFECTURES;93;30231;29595;97.9;68;29527;13;0.04;RHDP;SARASSORO GBOROTON FIDELE;29514;99.96;True
SAN-PEDRO;173;DOBA ET GABIADJI, COMMUNES ET SOUS-PREFECTURES, SAN PEDRO, SOUS-PREFECTURE;166;46381;11310;24.38;498;10812;130;1.2;INDEPENDANT;JEUNESSE NOUVELLE VISION;2038;18.85;False
SAN-PEDRO;173;DOBA ET GABIADJI, COMMUNES ET SOUS-PREFECTURES, SAN PEDRO, SOUS-PREFECTURE;166;46381;11310;24.38;498;10812;130;1.2;INDEPENDANT;LA VOIX DU PAYSAN POUR UN AVENIR MEILLEUR;415;3.84;False
SAN-PEDRO;173;DOBA ET GABIADJI, COMMUNES ET SOUS-PREFECTURES, SAN PEDRO, SOUS-PREFECTURE;166;46381;11310;24.38;498;10812;130;1.2;RHDP;UNE COTE DIVOIRE EN PAIX PROSPERE ET SOLIDAIRE;4071;37.65;True
SAN-PEDRO;173;DOBA ET GABIADJI, COMMUNES ET SOUS-PREFECTURES, SAN PEDRO, SOUS-PREFECTURE;166;46381;11310;24.38;498;10812;130;1.2;INDEPENDANT;UNIS AUTOUR DUNE VISION NOUVELLE DE DEVELOPPEMENT;295;2.73;False
SAN-PEDRO;173;DOBA ET GABIADJI, COMMUNES ET SOUS-PREFECTURES, SAN PEDRO, SOUS-PREFECTURE;166;46381;11310;24.38;498;10812;130;1.2;INDEPENDANT;ENSEMBLE POUR LE DEVELOPPEMENT DE GABIADJI DOBA;545;5.04;False
SAN-PEDRO;173;DOBA ET GABIADJI, COMMUNES ET SOUS-PREFECTURES, SAN PEDRO, SOUS-PREFECTURE;166;46381;11310;24.38;498;10812;130;1.2;CODE;ENSEMBLE OSONS LE CHANGEMENT;189;1.75;False
SAN-PEDRO;173;DOBA ET GABIADJI, COMMUNES ET SOUS-PREFECTURES, SAN PEDRO, SOUS-PREFECTURE;166;46381;11310;24.38;498;10812;130;1.2;PDCI-RDA;TOUS ENSEMBLE POUR LA CÔTE DIVOIRE;3129;28.94;False
SAN-PEDRO;174;DOGBO ET GRAND-BEREBY, COMMUNES ET SOUS-PREFECTURES;102;28569;7631;26.71;191;7440;49;0.66;INDEPENDANT;BOGA TOILY;369;4.96;False
SAN-PEDRO;174;DOGBO ET GRAND-BEREBY, COMMUNES ET SOUS-PREFECTURES;102;28569;7631;26.71;191;7440;49;0.66;RHDP;KONAN KOUAME ARMAND;4970;66.8;True
SAN-PEDRO;174;DOGBO ET GRAND-BEREBY, COMMUNES ET SOUS-PREFECTURES;102;28569;7631;26.71;191;7440;49;0.66;INDEPENDANT;YAO KOUAME BOB;339;4.56;False
SAN-PEDRO;174;DOGBO ET GRAND-BEREBY, COMMUNES ET SOUS-PREFECTURES;102;28569;7631;26.71;191;7440;49;0.66;PDCI-RDA;GNEPO TAKOUO VINCENT CHARLES;1713;23.02;False
SAN-PEDRO;175;SAN PEDRO, COMMUNE;250;93355;24880;26.65;576;24304;146;0.6;INDEPENDANT;SAN-PEDRO, VISION NOUVELLE;870;3.58;False
SAN-PEDRO;175;SAN PEDRO, COMMUNE;250;93355;24880;26.65;576;24304;146;0.6;INDEPENDANT;VISION NOUVELLE;180;0.74;False
SAN-PEDRO;175;SAN PEDRO, COMMUNE;250;93355;24880;26.65;576;24304;146;0.6;INDEPENDANT;DEVELOPPEMENT-ESPOIR-PAIX;3813;15.69;False
SAN-PEDRO;175;SAN PEDRO, COMMUNE;250;93355;24880;26.65;576;24304;146;0.6;RHDP;UNE COTE DIVOIRE EN PAIX ,PROSPERE ET SOLIDAIRE;12719;52.33;True
SAN-PEDRO;175;SAN PEDRO, COMMUNE;250;93355;24880;26.65;576;24304;146;0.6;INDEPENDANT;PAIX ET COHESION SOCIALE;3931;16.17;False
SAN-PEDRO;175;SAN PEDRO, COMMUNE;250;93355;24880;26.65;576;24304;146;0.6;INDEPENDANT;JEUNESSE ENGAGEE NATION TRANSFORMEE;282;1.16;False
SAN-PEDRO;175;SAN PEDRO, COMMUNE;250;93355;24880;26.65;576;24304;146;0.6;INDEPENDANT;ENSEMBLE SAUVONS SAN-PERO;411;1.69;False
SAN-PEDRO;175;SAN PEDRO, COMMUNE;250;93355;24880;26.65;576;24304;146;0.6;CODE;ENSEMBLE, OSONS LE CHANGEMENT;166;0.68;False
SAN-PEDRO;175;SAN PEDRO, COMMUNE;250;93355;24880;26.65;576;24304;146;0.6;PDCI-RDA;TOUS ENSEMBLE POUR LA CÔTE D'IVOIRE;1786;7.35;False
SAN-PEDRO;176;DAPO-IBOKE, DJAMANDIOKE, OLODIO ET TABOU, COMMUNES ET SOUS-PREFECTURES;99;25383;8058;31.75;280;7778;81;1.04;RHDP;KLAIBE TCHIBIO JULIEN;3173;40.79;False
SAN-PEDRO;176;DAPO-IBOKE, DJAMANDIOKE, OLODIO ET TABOU, COMMUNES ET SOUS-PREFECTURES;99;25383;8058;31.75;280;7778;81;1.04;INDEPENDANT;SABOA KOFFI EDMOND;535;6.88;False
SAN-PEDRO;176;DAPO-IBOKE, DJAMANDIOKE, OLODIO ET TABOU, COMMUNES ET SOUS-PREFECTURES;99;25383;8058;31.75;280;7778;81;1.04;INDEPENDANT;BAROU AFFALA ANDREA SISSIE;69;0.89;False
SAN-PEDRO;176;DAPO-IBOKE, DJAMANDIOKE, OLODIO ET TABOU, COMMUNES ET SOUS-PREFECTURES;99;25383;8058;31.75;280;7778;81;1.04;INDEPENDANT;GNEPA HOTOH DANIEL SEVERIN;147;1.89;False
SAN-PEDRO;176;DAPO-IBOKE, DJAMANDIOKE, OLODIO ET TABOU, COMMUNES ET SOUS-PREFECTURES;99;25383;8058;31.75;280;7778;81;1.04;FPI;HINE DADIE MARIUS;93;1.2;False
SAN-PEDRO;176;DAPO-IBOKE, DJAMANDIOKE, OLODIO ET TABOU, COMMUNES ET SOUS-PREFECTURES;99;25383;8058;31.75;280;7778;81;1.04;PDCI-RDA;GNEPA IROKO JOSEPH;3680;47.31;True
SAN-PEDRO;177;DJOUROUTOU ET GRABO, COMMUNES ET SOUS-PREFECTURES;66;18068;4503;24.92;138;4365;56;1.28;INDEPENDANT;GNEPA DOUBOYOU ALASSANE;367;8.41;False
SAN-PEDRO;177;DJOUROUTOU ET GRABO, COMMUNES ET SOUS-PREFECTURES;66;18068;4503;24.92;138;4365;56;1.28;RHDP;COULIBALY YAYA;2473;56.66;True
SAN-PEDRO;177;DJOUROUTOU ET GRABO, COMMUNES ET SOUS-PREFECTURES;66;18068;4503;24.92;138;4365;56;1.28;INDEPENDANT;OUELLE IRIKA FRANCIS;727;16.66;False
SAN-PEDRO;177;DJOUROUTOU ET GRABO, COMMUNES ET SOUS-PREFECTURES;66;18068;4503;24.92;138;4365;56;1.28;PDCI-RDA;EBINI WHILLIAMS TANOH;742;17.0;False
SUD-COMOE;178;ABOISSO, COMMUNE;102;42232;11168;26.44;246;10922;49;0.45;INDEPENDANT;MAGLOIRE KOUAO ANOMAN;125;1.14;False
SUD-COMOE;178;ABOISSO, COMMUNE;102;42232;11168;26.44;246;10922;49;0.45;INDEPENDANT;AKA EDJOLOHI ETIENNE;368;3.37;False
SUD-COMOE;178;ABOISSO, COMMUNE;102;42232;11168;26.44;246;10922;49;0.45;RHDP;CISSE ABOUBAKARI;4554;41.7;False
SUD-COMOE;178;ABOISSO, COMMUNE;102;42232;11168;26.44;246;10922;49;0.45;INDEPENDANT;BANGA LOUIS PHILIPPE ARTHUR;788;7.21;False
SUD-COMOE;178;ABOISSO, COMMUNE;102;42232;11168;26.44;246;10922;49;0.45;PDCI-RDA;N'GOUAN JEREMIE ALFRED;5038;46.13;True
SUD-COMOE;179;ABOISSO, SOUS-PREFECTURE, ADAOU, ADJOUAN, KOUAKRO ET MAFERE, COMMUNES ET SOUS-PREFECTURES;141;46549;17283;37.13;317;16966;99;0.58;RHDP;AKA AOUELE;11268;66.42;True
SUD-COMOE;179;ABOISSO, SOUS-PREFECTURE, ADAOU, ADJOUAN, KOUAKRO ET MAFERE, COMMUNES ET SOUS-PREFECTURES;141;46549;17283;37.13;317;16966;99;0.58;INDEPENDANT;ELIDJE ANGORA;4799;28.29;False
SUD-COMOE;179;ABOISSO, SOUS-PREFECTURE, ADAOU, ADJOUAN, KOUAKRO ET MAFERE, COMMUNES ET SOUS-PREFECTURES;141;46549;17283;37.13;317;16966;99;0.58;INDEPENDANT;MIEZAN AKATCHI ROGER;164;0.97;False
SUD-COMOE;179;ABOISSO, SOUS-PREFECTURE, ADAOU, ADJOUAN, KOUAKRO ET MAFERE, COMMUNES ET SOUS-PREFECTURES;141;46549;17283;37.13;317;16966;99;0.58;PDCI-RDA;NZALASSE OUANDA FRANCIS;636;3.75;False
SUD-COMOE;180;AYAME, BIANOUAN ET YAOU, COMMUNES ET SOUS-PREFECTURES;62;20423;8734;42.77;500;8234;51;0.62;INDEPENDANT;N'GUESSAN AKA BLEDOU FIDELE;177;2.15;False
SUD-COMOE;180;AYAME, BIANOUAN ET YAOU, COMMUNES ET SOUS-PREFECTURES;62;20423;8734;42.77;500;8234;51;0.62;INDEPENDANT;ELLOGNE EBA KOUTOUA SEVERIN CHRISTIAN;1895;23.01;False
SUD-COMOE;180;AYAME, BIANOUAN ET YAOU, COMMUNES ET SOUS-PREFECTURES;62;20423;8734;42.77;500;8234;51;0.62;RHDP;KAKOU BROU;3651;44.34;True
SUD-COMOE;180;AYAME, BIANOUAN ET YAOU, COMMUNES ET SOUS-PREFECTURES;62;20423;8734;42.77;500;8234;51;0.62;PDCI-RDA;AMIAN MEHAD DOMINIQUE;2460;29.88;False
SUD-COMOE;181;ADIAKE, ASSINIE-MAFIA ET ETUEBOUE, COMMUNES ET SOUS-PREFECTURES;94;32509;14212;43.72;327;13885;46;0.33;RHDP;SIE HIEN;8047;57.95;True
SUD-COMOE;181;ADIAKE, ASSINIE-MAFIA ET ETUEBOUE, COMMUNES ET SOUS-PREFECTURES;94;32509;14212;43.72;327;13885;46;0.33;INDEPENDANT;ADJE AIME;5195;37.41;False
SUD-COMOE;181;ADIAKE, ASSINIE-MAFIA ET ETUEBOUE, COMMUNES ET SOUS-PREFECTURES;94;32509;14212;43.72;327;13885;46;0.33;INDEPENDANT;BAKILIS MASODA DONNALD;32;0.23;False
SUD-COMOE;181;ADIAKE, ASSINIE-MAFIA ET ETUEBOUE, COMMUNES ET SOUS-PREFECTURES;94;32509;14212;43.72;327;13885;46;0.33;PDCI-RDA;KASSI EDGARD ELOH;432;3.11;False
SUD-COMOE;181;ADIAKE, ASSINIE-MAFIA ET ETUEBOUE, COMMUNES ET SOUS-PREFECTURES;94;32509;14212;43.72;327;13885;46;0.33;MGC;KAKOU FOBA ANTOINE;133;0.96;False
SUD-COMOE;182;BONGO ET BONOUA, COMMUNES ET SOUS-PREFECTURES;152;56912;12764;22.43;325;12439;50;0.4;INDEPENDANT;KOUAME KOUASSI JEAN MICHEL;746;6.0;False
SUD-COMOE;182;BONGO ET BONOUA, COMMUNES ET SOUS-PREFECTURES;152;56912;12764;22.43;325;12439;50;0.4;INDEPENDANT;YAMOUSSOUN MOSSOUN CLEMENT;1033;8.3;False
SUD-COMOE;182;BONGO ET BONOUA, COMMUNES ET SOUS-PREFECTURES;152;56912;12764;22.43;325;12439;50;0.4;INDEPENDANT;MIESSAN DANIEL;1599;12.85;False
SUD-COMOE;182;BONGO ET BONOUA, COMMUNES ET SOUS-PREFECTURES;152;56912;12764;22.43;325;12439;50;0.4;RHDP;TRAORE ABDOUL AZIZ;2018;16.22;False
SUD-COMOE;182;BONGO ET BONOUA, COMMUNES ET SOUS-PREFECTURES;152;56912;12764;22.43;325;12439;50;0.4;ADCI;BOKA ANOUMAN ANGE MICHEL;171;1.37;False
SUD-COMOE;182;BONGO ET BONOUA, COMMUNES ET SOUS-PREFECTURES;152;56912;12764;22.43;325;12439;50;0.4;EDS;ECRA ELIDJE JOSEPH;709;5.7;False
SUD-COMOE;182;BONGO ET BONOUA, COMMUNES ET SOUS-PREFECTURES;152;56912;12764;22.43;325;12439;50;0.4;INDEPENDANT;AYEMOU ABLI PATRICE;220;1.77;False
SUD-COMOE;182;BONGO ET BONOUA, COMMUNES ET SOUS-PREFECTURES;152;56912;12764;22.43;325;12439;50;0.4;PDCI-RDA;KOUA MAMAN CECILE EPOUSE ADJE;5893;47.38;True
SUD-COMOE;183;GRAND-BASSAM, COMMUNE ET SOUS-PREFECTURE;155;62844;9830;15.64;113;9717;93;0.96;INDEPENDANT;DA GUY RICHARD;594;6.11;False
SUD-COMOE;183;GRAND-BASSAM, COMMUNE ET SOUS-PREFECTURE;155;62844;9830;15.64;113;9717;93;0.96;INDEPENDANT;SYLLA IBRAHIM;239;2.46;False
SUD-COMOE;183;GRAND-BASSAM, COMMUNE ET SOUS-PREFECTURE;155;62844;9830;15.64;113;9717;93;0.96;INDEPENDANT;BONI KOFFI MICHEL;164;1.69;False
SUD-COMOE;183;GRAND-BASSAM, COMMUNE ET SOUS-PREFECTURE;155;62844;9830;15.64;113;9717;93;0.96;RHDP;COULIBALY SERIBA;5036;51.83;True
SUD-COMOE;183;GRAND-BASSAM, COMMUNE ET SOUS-PREFECTURE;155;62844;9830;15.64;113;9717;93;0.96;INDEPENDANT;YAO RENE KOUAKOU;98;1.01;False
SUD-COMOE;183;GRAND-BASSAM, COMMUNE ET SOUS-PREFECTURE;155;62844;9830;15.64;113;9717;93;0.96;INDEPENDANT;LOUA NYELEKE FELIX;774;7.97;False
SUD-COMOE;183;GRAND-BASSAM, COMMUNE ET SOUS-PREFECTURE;155;62844;9830;15.64;113;9717;93;0.96;PDCI-RDA-EDS;OUEGNIN GEORGES ARMAND ALEXIS;2719;27.98;False
SUD-COMOE;184;NOE, NOUAMOU ET TIAPOUM, COMMUNES ET SOUS-PREFECTURES;62;17411;8000;45.95;261;7739;42;0.54;RHDP;BAKARY KAMARA;2933;37.9;False
SUD-COMOE;184;NOE, NOUAMOU ET TIAPOUM, COMMUNES ET SOUS-PREFECTURES;62;17411;8000;45.95;261;7739;42;0.54;INDEPENDANT;SANGARE ISSA;3360;43.42;True
SUD-COMOE;184;NOE, NOUAMOU ET TIAPOUM, COMMUNES ET SOUS-PREFECTURES;62;17411;8000;45.95;261;7739;42;0.54;INDEPENDANT;ANDI ADOUALOU ROLAND;740;9.56;False
SUD-COMOE;184;NOE, NOUAMOU ET TIAPOUM, COMMUNES ET SOUS-PREFECTURES;62;17411;8000;45.95;261;7739;42;0.54;INDEPENDANT;KONATE SEYDOU;522;6.75;False
SUD-COMOE;184;NOE, NOUAMOU ET TIAPOUM, COMMUNES ET SOUS-PREFECTURES;62;17411;8000;45.95;261;7739;42;0.54;INDEPENDANT;DONGO ABDOUL FATAOU;103;1.33;False
SUD-COMOE;184;NOE, NOUAMOU ET TIAPOUM, COMMUNES ET SOUS-PREFECTURES;62;17411;8000;45.95;261;7739;42;0.54;ADCI;SOBO ELIAMON N'HINZAN;39;0.5;False
TCHOLOGO;185;BILIMONO, KONG ET SIKOLO, COMMUNES ET SOUS-PREFECTURES;103;25546;23651;92.58;26;23625;11;0.05;RHDP;UNE COTE DIVOIRE EN PAIX,PROSPERE ET SOLIDAIRE;23614;99.95;True
TCHOLOGO;186;FERKESSEDOUGOU,COMMUNE;84;33780;12675;37.52;239;12436;80;0.64;INDEPENDANT;SANOGO MASSANPIENWORO SEYDOU;1781;14.32;False
TCHOLOGO;186;FERKESSEDOUGOU,COMMUNE;84;33780;12675;37.52;239;12436;80;0.64;RHDP;KONE LASSINA;10575;85.04;True
TCHOLOGO;187;FERKESSEDOUGOU, SOUS PREFECTURE, KOUMBALA ET TOGONIERE, COMMUNES ET SOUS-PREFECTURES;106;31066;26516;85.35;91;26425;82;0.31;RHDP;SILUE GNENEYERI JACQUES;26343;99.69;True
TCHOLOGO;188;DIAWALA, NIELLE, ET TOUMOUKRO, COMMUNES ET SOUS-PREFECTURES;131;43211;40576;93.9;83;40493;87;0.21;RHDP;SANOGO MAMADOU;40406;99.79;True
TCHOLOGO;189;KAOUARA ET OUANGOLODOUGOU, COMMUNES ET SOUS-PREFECTURES;78;27287;19350;70.91;163;19187;141;0.73;RHDP;TRAORE DRISSA;19046;99.27;True
TONKPI;190;BIANKOUMA, BLAPLEU, KPATA ET SANTA, COMMUNES ET SOUS-PREFECTURES;113;37201;14810;39.81;113;14697;150;1.02;INDEPENDANT;GBOGBO KANDO;1401;9.53;False
TONKPI;190;BIANKOUMA, BLAPLEU, KPATA ET SANTA, COMMUNES ET SOUS-PREFECTURES;113;37201;14810;39.81;113;14697;150;1.02;RHDP;GUEI SINGA MIREILLE CHANTAL;11734;79.84;True
TONKPI;190;BIANKOUMA, BLAPLEU, KPATA ET SANTA, COMMUNES ET SOUS-PREFECTURES;113;37201;14810;39.81;113;14697;150;1.02;PDCI-RDA;SOUMAHORO DJENEBA;1412;9.61;False
TONKPI;191;GBANGBEGOUINE, GBONNE ET GOUINE, COMMUNES ET SOUS-PREFECTURES;60;15101;7589;50.25;239;7350;94;1.28;RHDP;WOI MELA GASTON AIME;3693;50.24;True
TONKPI;191;GBANGBEGOUINE, GBONNE ET GOUINE, COMMUNES ET SOUS-PREFECTURES;60;15101;7589;50.25;239;7350;94;1.28;INDEPENDANT;GUEI SONGUY NDONKA EVRARD;415;5.65;False
TONKPI;191;GBANGBEGOUINE, GBONNE ET GOUINE, COMMUNES ET SOUS-PREFECTURES;60;15101;7589;50.25;239;7350;94;1.28;INDEPENDANT;DRO BAUDOUIN WILFRIED;2276;30.97;False
TONKPI;191;GBANGBEGOUINE, GBONNE ET GOUINE, COMMUNES ET SOUS-PREFECTURES;60;15101;7589;50.25;239;7350;94;1.28;INDEPENDANT;VEHI ALPHONSE;119;1.62;False
TONKPI;191;GBANGBEGOUINE, GBONNE ET GOUINE, COMMUNES ET SOUS-PREFECTURES;60;15101;7589;50.25;239;7350;94;1.28;FPI;GOUE JULES;467;6.35;False
TONKPI;191;GBANGBEGOUINE, GBONNE ET GOUINE, COMMUNES ET SOUS-PREFECTURES;60;15101;7589;50.25;239;7350;94;1.28;INDEPENDANT;BLE HUYO KANO;182;2.48;False
TONKPI;191;GBANGBEGOUINE, GBONNE ET GOUINE, COMMUNES ET SOUS-PREFECTURES;60;15101;7589;50.25;239;7350;94;1.28;INDEPENDANT;ZOH ZRANWE JEAN YVES;104;1.41;False
TONKPI;192;SIPILOU ET YORODOUGOU, COMMUNES ET SOUS-PREFECTURES;47;14298;6588;46.08;84;6504;88;1.35;INDEPENDANT;DIOMANDE DRO JOEL;1865;28.67;True
TONKPI;192;SIPILOU ET YORODOUGOU, COMMUNES ET SOUS-PREFECTURES;47;14298;6588;46.08;84;6504;88;1.35;INDEPENDANT;KEITA ADAMA;690;10.61;False
TONKPI;192;SIPILOU ET YORODOUGOU, COMMUNES ET SOUS-PREFECTURES;47;14298;6588;46.08;84;6504;88;1.35;INDEPENDANT;DIOMANDE JEAN-LOUTY;1570;24.14;False
TONKPI;192;SIPILOU ET YORODOUGOU, COMMUNES ET SOUS-PREFECTURES;47;14298;6588;46.08;84;6504;88;1.35;RHDP;TOKPA MANINGA;1667;25.63;False
TONKPI;192;SIPILOU ET YORODOUGOU, COMMUNES ET SOUS-PREFECTURES;47;14298;6588;46.08;84;6504;88;1.35;INDEPENDANT;SOPOUDEU ONGNEU SOLANGE;118;1.81;False
TONKPI;192;SIPILOU ET YORODOUGOU, COMMUNES ET SOUS-PREFECTURES;47;14298;6588;46.08;84;6504;88;1.35;INDEPENDANT;LOTTRO SABIAN VALLEY MINSOU;311;4.78;False
TONKPI;192;SIPILOU ET YORODOUGOU, COMMUNES ET SOUS-PREFECTURES;47;14298;6588;46.08;84;6504;88;1.35;INDEPENDANT;YORO LOUTY REBECCA;195;3.0;False
TONKPI;193;DALEU, DANANE, GBON-HOUYE, KOUAN-HOULE ET SEILEU, COMMUNES ET SOUS-PREFECTURES;240;64623;18599;28.78;715;17884;207;1.16;INDEPENDANT;AGIR ENSEMBLE POUR LE NIMBA;6685;37.38;True
TONKPI;193;DALEU, DANANE, GBON-HOUYE, KOUAN-HOULE ET SEILEU, COMMUNES ET SOUS-PREFECTURES;240;64623;18599;28.78;715;17884;207;1.16;INDEPENDANT;TRAVAILLONS POUR BATIR DANANE;721;4.03;False
TONKPI;193;DALEU, DANANE, GBON-HOUYE, KOUAN-HOULE ET SEILEU, COMMUNES ET SOUS-PREFECTURES;240;64623;18599;28.78;715;17884;207;1.16;INDEPENDANT;ACTION SOLIDARITE POUR DANANE;729;4.08;False
TONKPI;193;DALEU, DANANE, GBON-HOUYE, KOUAN-HOULE ET SEILEU, COMMUNES ET SOUS-PREFECTURES;240;64623;18599;28.78;715;17884;207;1.16;INDEPENDANT;ENSEMBLE POUR LE DEVELOPPEMENT DE DANANE;2283;12.77;False
TONKPI;193;DALEU, DANANE, GBON-HOUYE, KOUAN-HOULE ET SEILEU, COMMUNES ET SOUS-PREFECTURES;240;64623;18599;28.78;715;17884;207;1.16;RHDP;UNE COTE DIVOIRE EN PAIX, PROSPERE ET SOLIDAIRE;5597;31.3;False
TONKPI;193;DALEU, DANANE, GBON-HOUYE, KOUAN-HOULE ET SEILEU, COMMUNES ET SOUS-PREFECTURES;240;64623;18599;28.78;715;17884;207;1.16;INDEPENDANT;LA JEUNESSE DEBOUT POUR LE DEVELOPPEMENT;672;3.76;False
TONKPI;193;DALEU, DANANE, GBON-HOUYE, KOUAN-HOULE ET SEILEU, COMMUNES ET SOUS-PREFECTURES;240;64623;18599;28.78;715;17884;207;1.16;INDEPENDANT;AIDONS NOS PARENTS;108;0.6;False
TONKPI;193;DALEU, DANANE, GBON-HOUYE, KOUAN-HOULE ET SEILEU, COMMUNES ET SOUS-PREFECTURES;240;64623;18599;28.78;715;17884;207;1.16;PDCI-RDA;TOUS ENSEMBLE POUR LA CÔTE D'IVOIRE;882;4.93;False
TONKPI;194;MAHAPLEU ET ZONNEU, COMMUNES ET SOUS-PREFECTURES;80;22392;8583;38.33;457;8126;108;1.33;INDEPENDANT;TOGON OULEI PIERRE;1664;20.48;False
TONKPI;194;MAHAPLEU ET ZONNEU, COMMUNES ET SOUS-PREFECTURES;80;22392;8583;38.33;457;8126;108;1.33;INDEPENDANT;TIA GOUET BLAISE;340;4.18;False
TONKPI;194;MAHAPLEU ET ZONNEU, COMMUNES ET SOUS-PREFECTURES;80;22392;8583;38.33;457;8126;108;1.33;INDEPENDANT;GOUET CHARLEMAGNE;1387;17.07;False
TONKPI;194;MAHAPLEU ET ZONNEU, COMMUNES ET SOUS-PREFECTURES;80;22392;8583;38.33;457;8126;108;1.33;INDEPENDANT;GOMUN DOH EMILE CHARLES LEA;1295;15.94;False
TONKPI;194;MAHAPLEU ET ZONNEU, COMMUNES ET SOUS-PREFECTURES;80;22392;8583;38.33;457;8126;108;1.33;RHDP;KEGBAN KEGBAN BERNARD;3138;38.62;True
TONKPI;194;MAHAPLEU ET ZONNEU, COMMUNES ET SOUS-PREFECTURES;80;22392;8583;38.33;457;8126;108;1.33;INDEPENDANT;TIA SEUNA ANGELINE;68;0.84;False
TONKPI;194;MAHAPLEU ET ZONNEU, COMMUNES ET SOUS-PREFECTURES;80;22392;8583;38.33;457;8126;108;1.33;INDEPENDANT;DOUMBOUYA MOUHAMED;90;1.11;False
TONKPI;194;MAHAPLEU ET ZONNEU, COMMUNES ET SOUS-PREFECTURES;80;22392;8583;38.33;457;8126;108;1.33;INDEPENDANT;SREU ZOTAHON CYPRIEN;36;0.44;False
TONKPI;195;BOGOUINE, LOGOUALE, YAPLEU ET ZIOGOUINE, COMMUNES ET SOUS-PREFECTURES;66;20102;8315;41.36;331;7984;78;0.98;INDEPENDANT;SADIA KOUI SALOMON;516;6.46;False
TONKPI;195;BOGOUINE, LOGOUALE, YAPLEU ET ZIOGOUINE, COMMUNES ET SOUS-PREFECTURES;66;20102;8315;41.36;331;7984;78;0.98;INDEPENDANT;DION NESTOR;881;11.03;False
TONKPI;195;BOGOUINE, LOGOUALE, YAPLEU ET ZIOGOUINE, COMMUNES ET SOUS-PREFECTURES;66;20102;8315;41.36;331;7984;78;0.98;INDEPENDANT;OUEHI FEH BIAYO GISELE EPSE KOFFI;2681;33.58;True
TONKPI;195;BOGOUINE, LOGOUALE, YAPLEU ET ZIOGOUINE, COMMUNES ET SOUS-PREFECTURES;66;20102;8315;41.36;331;7984;78;0.98;INDEPENDANT;YAKE EVARISTE;570;7.14;False
TONKPI;195;BOGOUINE, LOGOUALE, YAPLEU ET ZIOGOUINE, COMMUNES ET SOUS-PREFECTURES;66;20102;8315;41.36;331;7984;78;0.98;INDEPENDANT;HONGNIN EVARISTE;443;5.55;False
TONKPI;195;BOGOUINE, LOGOUALE, YAPLEU ET ZIOGOUINE, COMMUNES ET SOUS-PREFECTURES;66;20102;8315;41.36;331;7984;78;0.98;RHDP;SERY PASCAL;2339;29.3;False
TONKPI;195;BOGOUINE, LOGOUALE, YAPLEU ET ZIOGOUINE, COMMUNES ET SOUS-PREFECTURES;66;20102;8315;41.36;331;7984;78;0.98;INDEPENDANT;BLY SEMONDA GISELE;286;3.58;False
TONKPI;195;BOGOUINE, LOGOUALE, YAPLEU ET ZIOGOUINE, COMMUNES ET SOUS-PREFECTURES;66;20102;8315;41.36;331;7984;78;0.98;INDEPENDANT;SIABA ANTOINE-CONSTANT;66;0.83;False
TONKPI;195;BOGOUINE, LOGOUALE, YAPLEU ET ZIOGOUINE, COMMUNES ET SOUS-PREFECTURES;66;20102;8315;41.36;331;7984;78;0.98;PDCI-RDA;DAN GONSAN CHARLES VALENTINI;124;1.55;False
TONKPI;196;FAGNAMPLEU, GBANGBEGOUINE-YATI, PODIAGOUINE, SANDOUGOU-SOBA, SANGOUINE ET ZAGOUE, COMMUNES ET SOUS-PREFECTURES, MAN, SOUS-PREFECTURE;132;39659;17734;44.72;738;16996;243;1.43;INDEPENDANT;YAKE GONDO ALFRED;5002;29.43;False
TONKPI;196;FAGNAMPLEU, GBANGBEGOUINE-YATI, PODIAGOUINE, SANDOUGOU-SOBA, SANGOUINE ET ZAGOUE, COMMUNES ET SOUS-PREFECTURES, MAN, SOUS-PREFECTURE;132;39659;17734;44.72;738;16996;243;1.43;INDEPENDANT;BLEU SOLO MEXIMINE;457;2.69;False
TONKPI;196;FAGNAMPLEU, GBANGBEGOUINE-YATI, PODIAGOUINE, SANDOUGOU-SOBA, SANGOUINE ET ZAGOUE, COMMUNES ET SOUS-PREFECTURES, MAN, SOUS-PREFECTURE;132;39659;17734;44.72;738;16996;243;1.43;INDEPENDANT;MAHAN DETOH TIA ARMAND;772;4.54;False
TONKPI;196;FAGNAMPLEU, GBANGBEGOUINE-YATI, PODIAGOUINE, SANDOUGOU-SOBA, SANGOUINE ET ZAGOUE, COMMUNES ET SOUS-PREFECTURES, MAN, SOUS-PREFECTURE;132;39659;17734;44.72;738;16996;243;1.43;RHDP;DION REMI;5634;33.15;True
TONKPI;196;FAGNAMPLEU, GBANGBEGOUINE-YATI, PODIAGOUINE, SANDOUGOU-SOBA, SANGOUINE ET ZAGOUE, COMMUNES ET SOUS-PREFECTURES, MAN, SOUS-PREFECTURE;132;39659;17734;44.72;738;16996;243;1.43;INDEPENDANT;GOGBEU MAMADOU;455;2.68;False
TONKPI;196;FAGNAMPLEU, GBANGBEGOUINE-YATI, PODIAGOUINE, SANDOUGOU-SOBA, SANGOUINE ET ZAGOUE, COMMUNES ET SOUS-PREFECTURES, MAN, SOUS-PREFECTURE;132;39659;17734;44.72;738;16996;243;1.43;GP-PAIX;BONTA GOUE FERNAND;191;1.12;False
TONKPI;196;FAGNAMPLEU, GBANGBEGOUINE-YATI, PODIAGOUINE, SANDOUGOU-SOBA, SANGOUINE ET ZAGOUE, COMMUNES ET SOUS-PREFECTURES, MAN, SOUS-PREFECTURE;132;39659;17734;44.72;738;16996;243;1.43;MIRDEP;GUE LIAN VICTOR;179;1.05;False
TONKPI;196;FAGNAMPLEU, GBANGBEGOUINE-YATI, PODIAGOUINE, SANDOUGOU-SOBA, SANGOUINE ET ZAGOUE, COMMUNES ET SOUS-PREFECTURES, MAN, SOUS-PREFECTURE;132;39659;17734;44.72;738;16996;243;1.43;INDEPENDANT;MOMINE YAOUE ALEXIS;154;0.91;False
TONKPI;196;FAGNAMPLEU, GBANGBEGOUINE-YATI, PODIAGOUINE, SANDOUGOU-SOBA, SANGOUINE ET ZAGOUE, COMMUNES ET SOUS-PREFECTURES, MAN, SOUS-PREFECTURE;132;39659;17734;44.72;738;16996;243;1.43;FPI;SIA ANDRE;3909;23.0;False
TONKPI;197;MAN, COMMUNE;172;64408;22399;34.78;446;21953;128;0.58;INDEPENDANT;ENSEMBLE POUR MAN;8117;36.97;False
TONKPI;197;MAN, COMMUNE;172;64408;22399;34.78;446;21953;128;0.58;INDEPENDANT;TOUS POUR LE CHANGEMENT;326;1.48;False
TONKPI;197;MAN, COMMUNE;172;64408;22399;34.78;446;21953;128;0.58;RHDP;UNE COTE DIVOIRE EN PAIX, PROSPERE ET SOLIDAIRE;13382;60.96;True
TONKPI;198;BANNEU, TEAPLEU, YELLEU ET ZOUAN-HOUNIEN, COMMUNES ET SOUS-PREFECTURES;160;48980;13295;27.14;318;12977;164;1.26;RHDP;MABRI TOIKEUSSE ALBERT ABDALLAH;11051;85.16;True
TONKPI;198;BANNEU, TEAPLEU, YELLEU ET ZOUAN-HOUNIEN, COMMUNES ET SOUS-PREFECTURES;160;48980;13295;27.14;318;12977;164;1.26;INDEPENDANT;WONDIE KEBA DANIEL;575;4.43;False
TONKPI;198;BANNEU, TEAPLEU, YELLEU ET ZOUAN-HOUNIEN, COMMUNES ET SOUS-PREFECTURES;160;48980;13295;27.14;318;12977;164;1.26;CODE;GOUANDAI MAHAN BARTHELEMY;154;1.19;False
TONKPI;198;BANNEU, TEAPLEU, YELLEU ET ZOUAN-HOUNIEN, COMMUNES ET SOUS-PREFECTURES;160;48980;13295;27.14;318;12977;164;1.26;PDCI-RDA;PEHE TOUHOUEGBEU KEVIN;1033;7.96;False
TONKPI;199;BIN-HOUYE ET GOULALEU, COMMUNES ET SOUS-PREFECTURES;59;15441;7970;51.62;507;7463;80;1.07;RHDP;KOKOUSSEU TOMIN ALEXIS;1819;24.37;True
TONKPI;199;BIN-HOUYE ET GOULALEU, COMMUNES ET SOUS-PREFECTURES;59;15441;7970;51.62;507;7463;80;1.07;INDEPENDANT;GUEI DANIN MAGLOIRE;1618;21.68;False
TONKPI;199;BIN-HOUYE ET GOULALEU, COMMUNES ET SOUS-PREFECTURES;59;15441;7970;51.62;507;7463;80;1.07;INDEPENDANT;GONGBE DOUO MACAIRE;1509;20.22;False
TONKPI;199;BIN-HOUYE ET GOULALEU, COMMUNES ET SOUS-PREFECTURES;59;15441;7970;51.62;507;7463;80;1.07;INDEPENDANT;DIKO YAKEUSSEU HERBERT;1102;14.77;False
TONKPI;199;BIN-HOUYE ET GOULALEU, COMMUNES ET SOUS-PREFECTURES;59;15441;7970;51.62;507;7463;80;1.07;PDCI-RDA;DIGONLA KEULEGBE IRENE;1335;17.89;False
WORODOUGOU;200;DJIBROSSO, FADIADOUGOU ET MORONDO, COMMUNES ET SOUS-PREFECTURES;66;20380;13373;65.62;90;13283;208;1.57;INDEPENDANT;DOUMBIA YACOUBOU AHMED;2605;19.61;False
WORODOUGOU;200;DJIBROSSO, FADIADOUGOU ET MORONDO, COMMUNES ET SOUS-PREFECTURES;66;20380;13373;65.62;90;13283;208;1.57;RHDP;KONE ABOUBACAR SIDIKI;10470;78.82;True
WORODOUGOU;201;KANI, COMMUNE ET SOUS-PREFECTURE;41;13143;7621;57.99;143;7478;115;1.54;INDEPENDANT;YACOUBA MEITE;202;2.7;False
WORODOUGOU;201;KANI, COMMUNE ET SOUS-PREFECTURE;41;13143;7621;57.99;143;7478;115;1.54;INDEPENDANT;MEITE YAYA;4329;57.89;True
WORODOUGOU;201;KANI, COMMUNE ET SOUS-PREFECTURE;41;13143;7621;57.99;143;7478;115;1.54;RHDP;MEITE BEN ABDOULAYE;2530;33.83;False
WORODOUGOU;201;KANI, COMMUNE ET SOUS-PREFECTURE;41;13143;7621;57.99;143;7478;115;1.54;INDEPENDANT;LADJI MEITE;302;4.04;False
WORODOUGOU;202;BOBI-DIARABANA, COMMUNE ET SOUS-PREFECTURE, SEGUELA, SOUS-PREFECTURE;60;16811;9578;56.97;69;9509;114;1.2;RHDP;DIOMANDE MAMADOU;6519;68.56;True
WORODOUGOU;202;BOBI-DIARABANA, COMMUNE ET SOUS-PREFECTURE, SEGUELA, SOUS-PREFECTURE;60;16811;9578;56.97;69;9509;114;1.2;INDEPENDANT;FOFANA VATIECOUMBA;2567;27.0;False
WORODOUGOU;202;BOBI-DIARABANA, COMMUNE ET SOUS-PREFECTURE, SEGUELA, SOUS-PREFECTURE;60;16811;9578;56.97;69;9509;114;1.2;INDEPENDANT;FOFANA LOSSENI;309;3.25;False
WORODOUGOU;203;SEGUELA, COMMUNE;55;20148;7201;35.74;80;7121;171;2.4;INDEPENDANT;SOUMAHORO ADAMA;357;5.01;False
WORODOUGOU;203;SEGUELA, COMMUNE;55;20148;7201;35.74;80;7121;171;2.4;INDEPENDANT;MOUSTAPHA FALL;1214;17.05;False
WORODOUGOU;203;SEGUELA, COMMUNE;55;20148;7201;35.74;80;7121;171;2.4;RHDP;TIMITE SAHINDOU;3038;42.66;True
WORODOUGOU;203;SEGUELA, COMMUNE;55;20148;7201;35.74;80;7121;171;2.4;INDEPENDANT;KEITA LASSINA;123;1.73;False
WORODOUGOU;203;SEGUELA, COMMUNE;55;20148;7201;35.74;80;7121;171;2.4;INDEPENDANT;FOFANA GAOUSSOU;2023;28.41;False
WORODOUGOU;203;SEGUELA, COMMUNE;55;20148;7201;35.74;80;7121;171;2.4;PDCI-RDA;ALI BAKAYOKO;195;2.74;False
WORODOUGOU;204;DUALLA ET MASSALA, COMMUNES ET SOUS-PREFECTURES;48;12876;7334;56.96;85;7249;56;0.77;INDEPENDANT;DOSSO ABOUBACAR SIDIKY;2392;33.0;False
WORODOUGOU;204;DUALLA ET MASSALA, COMMUNES ET SOUS-PREFECTURES;48;12876;7334;56.96;85;7249;56;0.77;INDEPENDANT;COULIBALY METOBA;2076;28.64;False
WORODOUGOU;204;DUALLA ET MASSALA, COMMUNES ET SOUS-PREFECTURES;48;12876;7334;56.96;85;7249;56;0.77;RHDP;DOSSO MAMADOU;2545;35.11;True
WORODOUGOU;204;DUALLA ET MASSALA, COMMUNES ET SOUS-PREFECTURES;48;12876;7334;56.96;85;7249;56;0.77;INDEPENDANT;KONE NEDJON;7;0.1;False
WORODOUGOU;204;DUALLA ET MASSALA, COMMUNES ET SOUS-PREFECTURES;48;12876;7334;56.96;85;7249;56;0.77;INDEPENDANT;SOUMAHORO MOUSSA OUMAR;173;2.39;False
WORODOUGOU;205;KAMALO, SIFIE ET WOROFLA, COMMUNES ET SOUS-PREFECTURES;74;19878;12803;64.41;131;12672;164;1.29;RHDP;MEITE ABOULAYE;11233;88.64;True
WORODOUGOU;205;KAMALO, SIFIE ET WOROFLA, COMMUNES ET SOUS-PREFECTURES;74;19878;12803;64.41;131;12672;164;1.29;INDEPENDANT;KONE LOSSENI;46;0.36;False
WORODOUGOU;205;KAMALO, SIFIE ET WOROFLA, COMMUNES ET SOUS-PREFECTURES;74;19878;12803;64.41;131;12672;164;1.29;INDEPENDANT;TRAORE SEKOU;646;5.1;False
WORODOUGOU;205;KAMALO, SIFIE ET WOROFLA, COMMUNES ET SOUS-PREFECTURES;74;19878;12803;64.41;131;12672;164;1.29;RDP;FOFANA SIAKA;175;1.38;False
WORODOUGOU;205;KAMALO, SIFIE ET WOROFLA, COMMUNES ET SOUS-PREFECTURES;74;19878;12803;64.41;131;12672;164;1.29;PDCI-RDA;TRAORE MATAGALY KARIDJA;408;3.22;False
